,"Unnamed: 0","Id_x","R_x","Nome","Squadra_x","Pg","Mv","Mf","WeightedPerf","Name","Id_y","R_y","Squadra_y","Qt. Amantra","Qt. Imantra","Diff.","ComputedPrices"
337,337,,,,,,,,10.9142312757351,"CRISTIANORONALDO",2610,"Pc","Juventus",45,46,-1,75.4211804329625
338,338,,,,,,,,8.97794691011663,"LUKAKUR",2531,"Pc","Inter",36,35,1,57.0525612907457
339,339,,,,,,,,8.76280420282569,"ZAPATAD",608,"Pc","Atalanta",35,36,-1,55.0116036082771
127,127,568,"A","QUAGLIARELLA","Sampdoria",37,6.43,8.64,8.41263157894737,"QUAGLIARELLA",568,"Pc","Sampdoria",33,34,-1,51.6896806117047
273,273,2756,"A","PIATEK","Milan",37,6.35,8.07,7.85763157894737,"PIATEK",2756,"Pc","Milan",37,38,-1,46.424656628167
94,94,410,"A","MERTENS","Napoli",35,6.31,7.96,7.33157894736842,"MERTENS",410,"Pc","Napoli",28,27,1,41.4342427148944
301,301,2819,"A","CAPUTO","Empoli",38,6.08,7.14,7.14,"CAPUTO",2819,"Pc","Sassuolo",27,26,1,39.6168233407761
97,97,441,"A","BELOTTI","Torino",37,6.19,7.28,7.08842105263158,"BELOTTI",441,"Pc","Torino",31,30,1,39.1275181246674
340,340,,,,,,,,7.04166254449816,"GOMEZA",26,"T;A","Atalanta",27,27,0,38.6839421485288
198,198,2012,"A","MILIK","Napoli",35,6.07,7.53,6.93552631578947,"MILIK",2012,"Pc","Napoli",28,28,0,37.6770776626306
81,81,383,"A","PETAGNA","SPAL",36,6.1,7.32,6.93473684210526,"PETAGNA",383,"Pc","SPAL",26,25,1,37.669588297078
155,155,785,"A","IMMOBILE","Lazio",35,6.04,7.41,6.825,"IMMOBILE",785,"Pc","Lazio",36,34,2,36.6285664852547
341,341,,,,,,,,6.61137712991628,"MARTINEZL",2764,"Pc","Inter",25,26,-1,34.6020267835918
192,192,2002,"C","CHIESA","Fiorentina",37,6.24,6.73,6.55289473684211,"CHIESA",2002,"W;A","Fiorentina",27,27,0,34.0472318247626
277,277,2762,"A","KOUAME'","Genoa",38,6.07,6.46,6.46,"KOUAME",2762,"A","Genoa",18,17,1,33.1659831447299
342,342,,,,,,,,6.39623442262534,"SANCHEZA",2475,"A","Inter",24,24,0,32.5610691011232
142,142,643,"A","DEFREL","Sampdoria",35,5.97,6.94,6.39210526315789,"DEFREL",643,"A","Sassuolo",15,15,0,32.5218977071989
43,43,247,"A","PAVOLETTI","Cagliari",32,6.09,7.53,6.34105263157895,"PAVOLETTI",247,"Pc","Cagliari",25,26,-1,32.0375854014587
35,35,226,"D","IZZO","Torino",37,6.23,6.5,6.32894736842105,"IZZO",226,"Dd;Dc","Torino",16,16,0,31.9227484629842
78,78,375,"A","SUSO","Milan",35,6.16,6.87,6.32763157894737,"SUSO",375,"W;A","Milan",20,20,0,31.9102661870631
25,25,152,"C","ZIELINSKI","Napoli",36,6.15,6.62,6.27157894736842,"ZIELINSKI",152,"C;T","Napoli",16,17,-1,31.3785212328224
119,119,531,"A","BERARDI","Sassuolo",35,6.1,6.77,6.23552631578947,"BERARDI",531,"A","Sassuolo",18,18,0,31.036506872583
343,343,,,,,,,,6.1810917153344,"MILINKOVICSAVIC",645,"C;T","Lazio",23,23,0,30.5201114186547
122,122,536,"A","POLITANO","Inter",36,6.04,6.51,6.16736842105263,"POLITANO",536,"W;A","Inter",14,14,0,30.3899249798679
30,30,177,"C","ILICIC","Atalanta",31,6.39,7.55,6.15921052631579,"ILICIC",177,"A","Atalanta",26,26,0,30.3125348691569
113,113,513,"D","ACERBI","Lazio",37,6.14,6.31,6.14394736842105,"ACERBI",513,"Dc","Lazio",14,14,0,30.1677404684716
109,109,495,"C","CORREA","Lazio",34,6.26,6.78,6.06631578947368,"CORREA",495,"A","Lazio",21,20,1,29.4312861891242
248,248,2288,"D","N'KOULOU","Torino",36,6.25,6.31,5.97789473684211,"NKOULOU",2288,"Dc","Torino",15,15,0,28.5924772472235
344,344,,,,,,,,5.96594900804346,"DEPAUL",1996,"T;A","Udinese",22,22,0,28.4791537361862
345,345,,,,,,,,5.96594900804346,"RAFAELLEAO",4510,"Pc","Milan",22,22,0,28.4791537361862
346,346,,,,,,,,5.96594900804346,"IAGOFALQUE",475,"A","Torino",22,22,0,28.4791537361862
347,347,,,,,,,,5.96594900804346,"LOZANO",4517,"A","Napoli",22,22,0,28.4791537361862
144,144,647,"A","DZEKO","Roma",33,6,6.83,5.93131578947368,"DZEKO",647,"Pc","Roma",31,30,1,28.150604679615
165,165,1850,"C","KESSIE'","Milan",34,6.06,6.62,5.92315789473684,"KESSIE",1850,"C","Milan",12,12,0,28.0732145689039
219,219,2167,"A","ORSOLINI","Bologna",32,6.19,7.03,5.92,"ORSOLINI",2167,"W;A","Bologna",17,17,0,28.0432571066932
211,211,2130,"D","HATEBOER","Atalanta",34,6.06,6.57,5.87842105263158,"HATEBOER",2130,"E","Atalanta",15,15,0,27.6488171875851
157,157,788,"C","FREULER","Atalanta",35,6.16,6.33,5.83026315789474,"FREULER",788,"C","Atalanta",13,13,0,27.1919658888714
90,90,406,"A","CALLEJON","Napoli",33,6.15,6.71,5.8271052631579,"CALLEJON",406,"W","Napoli",20,19,1,27.1620084266606
236,236,2214,"D","KOLAROV","Roma",33,6.06,6.7,5.81842105263158,"KOLAROV",2214,"Ds;E","Roma",16,15,1,27.0796254055811
136,136,627,"C","IONITA","Cagliari",37,5.76,5.97,5.81289473684211,"IONITA",627,"C;T","Cagliari",8,8,0,27.0271998467123
85,85,392,"D","KOULIBALY","Napoli",35,6.27,6.31,5.81184210526316,"KOULIBALY",392,"Dc","Napoli",15,16,-1,27.0172140259754
231,231,2194,"C","CALHANOGLU","Milan",35,5.91,6.27,5.775,"CALHANOGLU",2194,"T","Milan",12,12,0,26.6677103001834
201,201,2061,"A","SIMEONE","Fiorentina",35,5.66,6.23,5.73815789473684,"SIMEONE",2061,"Pc","Cagliari",13,13,0,26.3182065743914
194,194,2006,"D","LIROLA","Sassuolo",35,5.99,6.21,5.71973684210526,"LIROLA",2006,"Dd;E","Fiorentina",11,11,0,26.1434547114954
73,73,338,"C","LULIC","Lazio",35,5.9,6.2,5.71052631578947,"LULIC",338,"E;C","Lazio",13,13,0,26.0560787800474
125,125,556,"C","BASELLI","Torino",34,6.07,6.38,5.70842105263158,"BASELLI",556,"C;T","Torino",10,10,0,26.0361071385736
46,46,252,"D","BIRAGHI","Fiorentina",36,5.89,6,5.68421052631579,"BIRAGHI",252,"Ds;E","Inter",10,10,0,25.8064332616246
296,296,2801,"D","IACOPONI","Parma",38,5.71,5.66,5.66,"IACOPONI",2801,"Dd;Dc","Parma",5,4,1,25.5767593846756
153,153,779,"C","CRISTANTE","Roma",35,5.87,6.13,5.64605263157895,"CRISTANTE",779,"C","Roma",9,9,0,25.4444472599115
23,23,148,"C","KRUNIC","Empoli",33,6,6.5,5.64473684210526,"KRUNIC",148,"C;T","Milan",13,13,0,25.4319649839903
275,275,2759,"D","CRISCITO","Genoa",35,6.01,6.1,5.61842105263158,"CRISCITO",2759,"Ds;Dc;E","Genoa",16,15,1,25.1823194655675
171,171,1870,"C","BARELLA","Cagliari",35,6.13,6.07,5.59078947368421,"BARELLA",1870,"M;C","Inter",18,18,0,24.9201916712235
199,199,2016,"D","FAZIO","Roma",34,5.85,6.21,5.55631578947368,"FAZIO",2016,"Dc","Roma",8,9,-1,24.5931560420895
291,291,2789,"C","MEITE'","Torino",34,6.06,6.19,5.53842105263158,"MEITE",2789,"M;C","Torino",10,10,0,24.423397089562
348,348,,,,,,,,5.53566359346158,"LUISALBERTO",2085,"T","Lazio",20,19,1,24.3972383712491
104,104,474,"A","GERVINHO","Parma",29,6.09,7.24,5.52526315789474,"GERVINHO",474,"A","Parma",19,19,0,24.2985743303506
159,159,798,"D","SKRINIAR","Inter",35,6.1,5.99,5.51710526315789,"SKRINIAR",798,"Dc","Inter",15,15,0,24.2211842196395
74,74,342,"C","PAROLO","Lazio",32,6.17,6.55,5.51578947368421,"PAROLO",342,"M;C","Lazio",15,15,0,24.2087019437184
175,175,1879,"A","FARIAS","Empoli",31,6.02,6.76,5.51473684210526,"FARIAS",1879,"A","Lecce",10,11,-1,24.1987161229814
139,139,633,"C","FARES","SPAL",35,5.86,5.97,5.49868421052632,"FARES",633,"E","SPAL",7,7,0,24.0464323567436
38,38,236,"C","LAZOVIC","Genoa",33,5.95,6.32,5.48842105263158,"LAZOVIC",236,"E;W","Verona",8,8,0,23.9490706045586
11,11,90,"A","LASAGNA","Udinese",34,5.69,6.13,5.48473684210526,"LASAGNA",90,"Pc","Udinese",16,16,0,23.9141202319794
237,237,2215,"C","VERETOUT","Fiorentina",33,6.06,6.27,5.445,"VERETOUT",2215,"C","Roma",14,14,0,23.5371554991609
126,126,557,"C","BENASSI","Fiorentina",32,5.89,6.44,5.42315789473684,"BENASSI",557,"C","Fiorentina",14,14,0,23.32994971887
217,217,2164,"D","MILENKOVIC","Fiorentina",34,5.93,6.06,5.4221052631579,"MILENKOVIC",2164,"Dd;Dc","Fiorentina",11,10,1,23.3199638981331
300,300,2818,"C","BENNACER","Empoli",35,5.9,5.86,5.39736842105263,"BENNACER",2818,"M;C","Milan",12,12,0,23.0852971108156
53,53,277,"A","ICARDI","Inter",29,5.88,7.05,5.38026315789474,"ICARDI",277,"Pc","Inter",31,31,0,22.9230275238408
88,88,397,"C","ALLAN","Napoli",33,6.18,6.18,5.36684210526316,"ALLAN",397,"M;C","Napoli",15,16,-1,22.7957083094451
40,40,238,"C","RINCON","Torino",33,6.12,6.17,5.35815789473684,"RINCON",238,"M","Torino",10,10,0,22.7133252883656
5,5,28,"C","KURTIC","SPAL",30,6.13,6.75,5.32894736842105,"KURTIC",28,"C;T","SPAL",16,16,0,22.4362187629162
349,349,,,,,,,,5.32052088617064,"RIBERY",2409,"W;A","Fiorentina",19,19,0,22.3562806887806
350,350,,,,,,,,5.32052088617064,"BALOTELLI",696,"Pc","Brescia",19,19,0,22.3562806887806
45,45,250,"P","HANDANOVIC","Inter",38,6.18,5.32,5.32,"HANDANOVIC",250,"Por","Inter",18,18,0,22.3513392866524
303,303,2826,"A","PUSSETTO","Udinese",32,5.92,6.27,5.28,"PUSSETTO",2826,"W;A","Udinese",12,12,0,21.9718780986497
179,179,1933,"C","MANDRAGORA","Udinese",34,5.75,5.9,5.27894736842105,"MANDRAGORA",1933,"M;C","Udinese",9,9,0,21.9618922779128
268,268,2743,"A","SANTANDER","Bologna",29,6.03,6.9,5.26578947368421,"SANTANDER",2743,"Pc","Bologna",11,11,0,21.8370695187014
206,206,2077,"C","PASALIC","Atalanta",31,5.89,6.45,5.26184210526316,"PASALIC",2077,"C;T","Atalanta",9,9,0,21.799622690938
225,225,2179,"P","SIRIGU","Torino",36,6.35,5.53,5.23894736842105,"SIRIGU",2179,"Por","Torino",14,14,0,21.5824310899101
169,169,1868,"D","MURRU","Sampdoria",34,5.82,5.84,5.22526315789474,"MURRU",1868,"Ds;E","Sampdoria",8,8,0,21.4526154203302
93,93,409,"A","INSIGNE","Napoli",28,6.07,7.07,5.20947368421053,"INSIGNE",409,"A","Napoli",29,27,2,21.3028281092766
196,196,2008,"C","LINETTY","Sampdoria",32,5.97,6.17,5.19578947368421,"LINETTY",2008,"C","Sampdoria",11,11,0,21.1730124396966
224,224,2178,"P","CRAGNO","Cagliari",38,6.45,5.17,5.17,"CRAGNO",2178,"Por","Cagliari",11,11,0,20.9283598316423
118,118,529,"C","MISSIROLI","SPAL",34,5.87,5.74,5.13578947368421,"MISSIROLI",529,"M;C","SPAL",7,7,0,20.6038206576925
251,251,2306,"C","MATUIDI","Juventus",30,6.22,6.5,5.13157894736842,"MATUIDI",2306,"M;C","Juventus",13,13,0,20.5638773747449
16,16,118,"C","RADOVANOVIC","Genoa",35,5.66,5.53,5.09342105263158,"RADOVANOVIC",118,"M","Genoa",7,6,1,20.2018913730318
101,101,467,"C","NAINGGOLAN","Inter",28,6.21,6.91,5.09157894736842,"NAINGGOLAN",467,"C;T","Cagliari",16,16,0,20.1844161867422
10,10,73,"D","GAGLIOLO","Parma",34,5.87,5.68,5.0821052631579,"GAGLIOLO",73,"Ds;Dc","Parma",8,8,0,20.09454380011
207,207,2083,"D","BIRASCHI","Genoa",34,5.81,5.68,5.0821052631579,"BIRASCHI",2083,"Dd;Dc","Genoa",8,8,0,20.09454380011
102,102,469,"C","PJANIC","Juventus",30,6.12,6.37,5.02894736842105,"PJANIC",469,"C","Juventus",15,15,0,19.5902598528958
188,188,1986,"C","FOFANA","Udinese",31,5.94,6.15,5.01710526315789,"FOFANA",1986,"M;C","Udinese",12,12,0,19.4779193696055
59,59,295,"D","ASAMOAH","Inter",32,6.02,5.95,5.01052631578947,"ASAMOAH",295,"Ds;E","Inter",11,10,1,19.4155079899998
52,52,265,"C","BROZOVIC","Inter",32,5.91,5.94,5.0021052631579,"BROZOVIC",265,"C","Inter",12,11,1,19.3356214241046
64,64,312,"A","MANDZUKIC","Juventus",25,6.36,7.6,5,"MANDZUKIC",312,"Pc","Juventus",21,21,0,19.3156497826307
258,258,2391,"C","EKDAL","Sampdoria",32,6.02,5.92,4.98526315789474,"EKDAL",2391,"M;C","Sampdoria",8,8,0,19.1758482923139
297,297,2802,"C","BARILLA'","Parma",31,5.89,6.08,4.96,"BARILLA",2802,"C","Parma",7,7,0,18.936188594628
54,54,280,"A","PALACIO","Bologna",28,6.3,6.73,4.95894736842105,"PALACIO",280,"A","Bologna",13,13,0,18.926202773891
51,51,264,"C","BESSA","Genoa",32,5.84,5.88,4.95157894736842,"BESSA",264,"C;T","Verona",8,8,0,18.8563020287327
283,283,2775,"C","RUIZ","Napoli",27,6.3,6.89,4.89552631578947,"RUIZ",2775,"C;T","Napoli",17,17,0,18.324557074492
351,351,,,,,,,,4.89023547158876,"RAMSEY",2472,"T","Juventus",17,17,0,18.2743653238435
352,352,,,,,,,,4.89023547158876,"DONNARUMMAAL",4452,"Pc","Brescia",17,16,1,18.2743653238435
353,353,,,,,,,,4.89023547158876,"LAZZARIM",2263,"E","Lazio",17,17,0,18.2743653238435
215,215,2160,"D","GOSENS","Atalanta",28,6.18,6.54,4.81894736842105,"GOSENS",2160,"E","Atalanta",15,14,1,17.5980886158815
100,100,464,"D","FLORENZI","Roma",29,6.03,6.31,4.81552631578947,"FLORENZI",464,"Dd;E","Roma",10,10,0,17.5656346984865
55,55,286,"D","BONUCCI","Juventus",29,6.02,6.29,4.80026315789474,"BONUCCI",286,"Dc","Juventus",11,11,0,17.4208402978014
77,77,374,"C","POLI","Bologna",28,6.11,6.48,4.77473684210526,"POLI",374,"M;C","Bologna",10,10,0,17.1786841449311
213,213,2141,"C","DEPAOLI","Chievo",32,5.75,5.66,4.76631578947368,"DEPAOLI",2141,"Dd;E","Sampdoria",6,6,0,17.0987975790358
17,17,123,"A","INGLESE","Parma",25,6.14,7.24,4.76315789473684,"INGLESE",123,"Pc","Parma",23,23,0,17.0688401168251
143,143,644,"C","PULGAR","Bologna",28,5.96,6.46,4.76,"PULGAR",644,"M;C","Fiorentina",15,13,2,17.0388826546144
47,47,253,"D","D'AMBROSIO","Inter",29,5.95,6.19,4.72394736842105,"DAMBROSIO",253,"Dd;Ds;Dc","Inter",12,12,0,16.6968682943751
253,253,2318,"D","ROGERIO","Sassuolo",32,5.64,5.59,4.70736842105263,"ROGERIO",2318,"Ds;E","Sassuolo",7,7,0,16.5395916177687
302,302,2825,"C","BOURABIA","Sassuolo",31,5.82,5.77,4.70710526315789,"BOURABIA",2825,"C","Sassuolo",5,5,0,16.5370951625844
180,180,1934,"P","STRAKOSHA","Lazio",35,6.17,5.09,4.68815789473684,"STRAKOSHA",1934,"Por","Lazio",14,13,1,16.35735038932
354,354,,,,,,,,4.67509276429782,"JOAOPEDRO",1874,"A","Cagliari",16,16,0,16.2334076413749
63,63,309,"A","DYBALA","Juventus",27,5.94,6.56,4.66105263157895,"DYBALA",309,"A","Juventus",25,25,0,16.1002155053445
220,220,2168,"D","MUSACCHIO","Milan",29,6.02,6.09,4.64763157894737,"MUSACCHIO",2168,"Dc","Milan",7,7,0,15.9728962909489
111,111,509,"P","CONSIGLI","Sassuolo",36,6.25,4.89,4.63263157894737,"CONSIGLI",509,"Por","Sassuolo",10,10,0,15.8305983454479
19,19,133,"P","SKORUPSKI","Bologna",38,6.11,4.62,4.62,"SKORUPSKI",133,"Por","Bologna",9,9,0,15.7107684966049
186,186,1978,"C","SENSI","Sassuolo",28,6.05,6.27,4.62,"SENSI",1978,"C","Inter",14,13,1,15.7107684966049
32,32,183,"A","BABACAR","Sassuolo",26,5.87,6.75,4.61842105263158,"BABACAR",183,"Pc","Sassuolo",14,14,0,15.6957897654995
232,232,2197,"D","CASTAGNE","Atalanta",27,6.04,6.5,4.61842105263158,"CASTAGNE",2197,"E","Atalanta",13,13,0,15.6957897654995
278,278,2766,"C","ZANIOLO","Roma",27,6.13,6.5,4.61842105263158,"ZANIOLO",2766,"T","Roma",16,16,0,15.6957897654995
218,218,2166,"C","BENTANCUR","Juventus",29,5.91,6.03,4.60184210526316,"BENTANCUR",2166,"C","Juventus",7,7,0,15.5385130888931
315,315,2865,"D","AINA","Torino",29,5.91,6.02,4.59421052631579,"AINA",2865,"E","Torino",8,8,0,15.4661158885505
240,240,2261,"D","VICARI","SPAL",28,5.95,6.09,4.48736842105263,"VICARI",2261,"Dc","SPAL",7,7,0,14.4525550837537
226,226,2181,"D","PALOMINO","Atalanta",28,6.05,6.07,4.47263157894737,"PALOMINO",2181,"Dc","Atalanta",9,9,0,14.312753593437
355,355,,,,,,,,4.45995005700688,"DONNARUMMAG",350,"Por","Milan",15,15,0,14.1924499589064
356,356,,,,,,,,4.45995005700688,"CAN",2504,"M;C","Juventus",15,15,0,14.1924499589064
151,151,761,"P","AUDERO","Sampdoria",36,6.04,4.65,4.40526315789474,"AUDERO",761,"Por","Sampdoria",11,11,0,13.6736610662745
154,154,780,"D","CIONEK","SPAL",30,5.77,5.58,4.40526315789474,"CIONEK",780,"Dc","SPAL",7,7,0,13.6736610662745
149,149,708,"D","FELIPE","SPAL",28,5.84,5.96,4.39157894736842,"FELIPE",708,"Dc","SPAL",6,6,0,13.5438453966946
135,135,621,"C","ROMULO","Lazio",27,6.04,6.17,4.38394736842105,"ROMULO",621,"E;M","Genoa",9,9,0,13.471448196352
140,140,637,"A","SILIGARDI","Parma",27,6,6.15,4.36973684210526,"SILIGARDI",637,"W","Parma",8,8,0,13.3366396164036
247,247,2287,"C","RAMIREZ","Sampdoria",26,5.92,6.38,4.36526315789474,"RAMIREZ",2287,"T","Sampdoria",9,9,0,13.2941998782718
245,245,2284,"A","CAICEDO","Lazio",23,6.15,7.2,4.35789473684211,"CAICEDO",2284,"Pc","Lazio",12,12,0,13.2242991331134
229,229,2192,"D","BONIFAZI","SPAL",27,5.94,6.13,4.35552631578947,"BONIFAZI",2192,"Dc","Torino",9,8,1,13.2018310364553
26,26,159,"P","SEPE","Parma",37,6.09,4.43,4.31342105263158,"SEPE",159,"Por","Parma",8,8,0,12.8023982069788
31,31,181,"C","VECINO","Inter",27,5.85,6.07,4.31289473684211,"VECINO",181,"M;C","Inter",9,9,0,12.7974052966104
99,99,459,"D","MANOLAS","Roma",27,6.06,6.06,4.30578947368421,"MANOLAS",459,"Dc","Napoli",13,13,0,12.7300010066361
246,246,2285,"D","BANI","Chievo",30,5.65,5.43,4.28684210526316,"BANI",2285,"Dc","Bologna",4,4,0,12.5502562333717
148,148,706,"D","ANSALDI","Torino",24,6.38,6.77,4.27578947368421,"ANSALDI",706,"E","Torino",15,15,0,12.4454051156341
95,95,418,"D","GOLDANIGA","Frosinone",29,5.57,5.6,4.27368421052632,"GOLDANIGA",418,"Dc","Sassuolo",4,4,0,12.4254334741603
200,200,2038,"A","PINAMONTI","Frosinone",25,5.8,6.48,4.26315789473684,"PINAMONTI",2038,"Pc","Genoa",20,19,1,12.3255752667911
357,357,,,,,,,,4.24480734971594,"DOUGLASCOSTA",2200,"W","Juventus",14,14,0,12.1514922764379
358,358,,,,,,,,4.24480734971594,"ALEXSANDRO",662,"Ds;E","Juventus",14,14,0,12.1514922764379
359,359,,,,,,,,4.24480734971594,"GODIN",2572,"Dc","Inter",14,14,0,12.1514922764379
360,360,,,,,,,,4.24480734971594,"DELIGT",4428,"Dc","Juventus",14,14,0,12.1514922764379
361,361,,,,,,,,4.24480734971594,"ROMAGNOLIA",460,"Dc","Milan",14,14,0,12.1514922764379
362,362,,,,,,,,4.24480734971594,"MANCINIG",2296,"Dc","Roma",14,14,0,12.1514922764379
363,363,,,,,,,,4.24480734971594,"RABIOT",2379,"C","Juventus",14,14,0,12.1514922764379
69,69,329,"D","RADU","Lazio",28,5.8,5.75,4.23684210526316,"RADU",329,"Ds;Dc","Lazio",8,7,1,12.0759297483683
14,14,111,"C","BIRSA","Cagliari",26,5.88,6.17,4.22157894736842,"BIRSA",111,"T","Cagliari",7,7,0,11.931135347683
150,150,713,"C","DZEMAILI","Bologna",27,5.8,5.87,4.17078947368421,"DZEMAILI",713,"C;T","Bologna",8,8,0,11.449319497127
116,116,526,"C","DUNCAN","Sassuolo",24,6.1,6.6,4.16842105263158,"DUNCAN",526,"M;C","Sassuolo",10,10,0,11.4268514004689
65,65,315,"A","ZAZA","Torino",26,5.69,6.08,4.16,"ZAZA",315,"Pc","Torino",13,12,1,11.3469648345736
304,304,2832,"C","BOGA","Sassuolo",24,6.15,6.56,4.14315789473684,"BOGA",2832,"W;A","Sassuolo",14,14,0,11.187191702783
33,33,184,"C","BERNARDESCHI","Juventus",25,6.04,6.26,4.11842105263158,"BERNARDESCHI",184,"W;A","Juventus",20,20,0,10.9525249154655
244,244,2280,"D","NUYTINCK","Udinese",27,5.87,5.76,4.09263157894737,"NUYTINCK",2280,"Dc","Udinese",4,4,0,10.7078723074111
98,98,453,"P","SZCZESNY","Juventus",28,6.14,5.54,4.0821052631579,"SZCZESNY",453,"Por","Juventus",17,17,0,10.6080141000421
364,364,,,,,,,,4.029664642425,"PAULOPEZ",4419,"Por","Roma",13,14,-1,10.1105345939693
365,365,,,,,,,,4.029664642425,"ANDRESILVA",2175,"Pc","Milan",13,13,0,10.1105345939693
366,366,,,,,,,,4.029664642425,"DICARMINE",4500,"Pc","Verona",13,13,0,10.1105345939693
367,367,,,,,,,,4.029664642425,"DEVRIJ",322,"Dc","Inter",13,13,0,10.1105345939693
368,368,,,,,,,,4.029664642425,"PELLEGRINILO",530,"C;T","Roma",13,13,0,10.1105345939693
369,369,,,,,,,,4.029664642425,"SANSONEN",537,"A","Bologna",13,12,1,10.1105345939693
170,170,1869,"D","PISACANE","Cagliari",26,5.83,5.87,4.01631578947368,"PISACANE",1869,"Dd;Ds;Dc","Cagliari",5,5,0,9.98390030398485
233,233,2201,"A","UNDER","Roma",23,5.96,6.59,3.98868421052632,"UNDER",2201,"W;A","Roma",19,18,1,9.72177250964095
285,285,2779,"A","KLUIVERT","Roma",24,5.88,6.21,3.92210526315789,"KLUIVERT",2779,"W","Roma",17,17,0,9.09016934803108
75,75,357,"D","CALABRIA","Milan",25,5.9,5.96,3.92105263157895,"CALABRIA",357,"Dd;E","Milan",9,9,0,9.08018352729425
57,57,288,"D","CHIELLINI","Juventus",23,6.35,6.46,3.91,"CHIELLINI",288,"Dc","Juventus",15,14,1,8.97533240955662
0,0,4,"P","SPORTIELLO","Frosinone",35,6.11,4.21,3.87763157894737,"SPORTIELLO",4,"Por","Atalanta",1,1,0,8.66826842189654
228,228,2188,"C","MARUSIC","Lazio",25,5.8,5.88,3.86842105263158,"MARUSIC",2188,"E","Lazio",5,5,0,8.58089249044854
260,260,2625,"C","SORIANO","Bologna",24,5.9,6.1,3.85263157894737,"SORIANO",2625,"T","Bologna",13,13,0,8.43110517939484
183,183,1958,"A","CAPRARI","Sampdoria",21,6,6.93,3.82973684210526,"CAPRARI",1958,"A","Sampdoria",13,14,-1,8.21391357836692
370,370,,,,,,,,3.81452193513405,"DIFRANCESCOF",1857,"W","SPAL",12,11,1,8.06957691150081
371,371,,,,,,,,3.81452193513405,"TORREGROSSA",4453,"Pc","Brescia",12,12,0,8.06957691150081
372,372,,,,,,,,3.81452193513405,"DEROON",22,"M;C","Atalanta",12,12,0,8.06957691150081
373,373,,,,,,,,3.81452193513405,"LOCATELLIM",827,"M;C","Sassuolo",12,12,0,8.06957691150081
374,374,,,,,,,,3.81452193513405,"NANDEZ",4514,"M;C","Cagliari",12,12,0,8.06957691150081
375,375,,,,,,,,3.81452193513405,"DANILO",4237,"Dd;Ds;E","Juventus",12,12,0,8.06957691150081
264,264,2692,"A","CASTILLEJO","Milan",22,5.95,6.55,3.79210526315789,"CASTILLEJO",2692,"W;A","Milan",10,10,0,7.85692048702224
20,20,140,"D","HYSAJ","Napoli",25,5.76,5.76,3.78947368421053,"HYSAJ",140,"Dd;Ds;E","Napoli",7,7,0,7.83195593518004
270,270,2746,"D","DIJKS","Bologna",24,6,5.98,3.77684210526316,"DIJKS",2746,"Ds;E","Bologna",8,8,0,7.71212608633706
234,234,2205,"C","BERENGUER","Torino",22,6.09,6.43,3.72263157894737,"BERENGUER",2205,"W","Torino",8,8,0,7.197856318386
314,314,2860,"D","MALCUIT","Napoli",23,6.11,6.15,3.72236842105263,"MALCUIT",2860,"Dd;E","Napoli",8,8,0,7.19535986320174
208,208,2104,"D","BERESZYNSKI","Sampdoria",25,5.66,5.6,3.68421052631579,"BERESZYNSKI",2104,"Dd;E","Sampdoria",6,6,0,6.83337386148864
293,293,2792,"P","MUSSO","Udinese",29,6.26,4.81,3.67078947368421,"MUSSO",2792,"Por","Udinese",10,9,1,6.70605464709299
168,168,1866,"D","CEPPITELLI","Cagliari",24,5.92,5.81,3.66947368421053,"CEPPITELLI",1866,"Dc","Cagliari",7,7,0,6.69357237117188
209,209,2116,"D","FARAGO'","Cagliari",24,5.83,5.81,3.66947368421053,"FARAGO",2116,"E;C","Cagliari",4,4,0,6.69357237117188
42,42,245,"A","PANDEV","Genoa",21,6.05,6.6,3.64736842105263,"PANDEV",245,"T;A","Genoa",11,11,0,6.48387013569665
7,7,50,"D","MBAYE","Bologna",23,5.8,5.96,3.60736842105263,"MBAYE",50,"Dd;Ds;E","Bologna",6,6,0,6.10440894769393
24,24,150,"C","SAPONARA","Sampdoria",21,6.12,6.52,3.60315789473684,"SAPONARA",150,"T","Genoa",11,11,0,6.06446566474627
376,376,,,,,,,,3.59937922784311,"OBIANG",4501,"M;C","Sassuolo",11,11,0,6.02861922903227
377,377,,,,,,,,3.59937922784311,"DILORENZO",2816,"Dd;E","Napoli",11,11,0,6.02861922903227
378,378,,,,,,,,3.59937922784311,"SMALLING",4245,"Dc","Roma",11,11,0,6.02861922903227
379,379,,,,,,,,3.59937922784311,"MALINOVSKYI",4427,"C;T","Atalanta",11,11,0,6.02861922903227
380,380,,,,,,,,3.59937922784311,"TRAOREHJ",2857,"C;T","Sassuolo",11,11,0,6.02861922903227
190,190,1995,"C","DJURICIC","Sassuolo",22,5.82,6.07,3.51421052631579,"DJURICIC",1995,"T","Sassuolo",4,4,0,5.22066381247709
117,117,528,"C","MAGNANELLI","Sassuolo",23,5.87,5.76,3.48631578947368,"MAGNANELLI",528,"M","Sassuolo",5,5,0,4.95603956294884
2,2,20,"C","CIGARINI","Cagliari",23,5.87,5.72,3.46210526315789,"CIGARINI",20,"M;C","Cagliari",7,7,0,4.72636568599981
110,110,507,"A","MURIEL","Fiorentina",19,6,6.92,3.46,"MURIEL",507,"Pc","Atalanta",19,17,2,4.70639404452603
146,146,695,"D","TOLOI","Atalanta",21,6.07,6.19,3.42078947368421,"TOLOI",695,"Dc","Atalanta",10,10,0,4.334422222076
184,184,1974,"A","SCHICK","Roma",21,5.81,6.17,3.40973684210526,"SCHICK",1974,"Pc","Roma",12,12,0,4.22957110433838
156,156,787,"D","DJIMSITI","Atalanta",22,5.84,5.86,3.39263157894737,"DJIMSITI",787,"Dc","Atalanta",8,8,0,4.06730151736358
381,381,,,,,,,,3.38423652055217,"NESTOROVSKI",1943,"Pc","Udinese",10,10,0,3.98766154656374
382,382,,,,,,,,3.38423652055217,"BISOLI",4445,"M;C","Brescia",10,10,0,3.98766154656374
383,383,,,,,,,,3.38423652055217,"LUCASLEIVA",2209,"M;C","Lazio",10,10,0,3.98766154656374
384,384,,,,,,,,3.38423652055217,"DESILVESTRI",487,"Dd;E","Torino",10,10,0,3.98766154656374
385,385,,,,,,,,3.38423652055217,"SCHONE",4512,"C","Genoa",10,10,0,3.98766154656374
158,158,790,"D","SAMIR","Udinese",21,5.88,6.05,3.34342105263158,"SAMIR",790,"Ds;Dc","Udinese",8,7,1,3.60046439791286
210,210,2120,"D","BASTONI","Parma",21,5.95,6.05,3.34342105263158,"BASTONI",2120,"Dc","Inter",4,4,0,3.60046439791286
312,312,2854,"C","BRADARIC","Cagliari",23,5.65,5.5,3.32894736842105,"BRADARIC",2854,"M;C","Cagliari",4,4,0,3.46315936278025
28,28,170,"C","BADELJ","Lazio",22,5.82,5.73,3.31736842105263,"BADELJ",170,"M;C","Fiorentina",6,6,0,3.35331533467422
242,242,2274,"C","VALOTI","SPAL",21,5.86,6,3.31578947368421,"VALOTI",2274,"C;T","SPAL",6,6,0,3.33833660356886
288,288,2784,"D","COLLEY","Sampdoria",21,5.93,5.88,3.24947368421053,"COLLEY",2784,"Dc","Sampdoria",7,7,0,2.70922989714334
239,239,2246,"A","CERAVOLO","Parma",22,5.45,5.57,3.22473684210526,"CERAVOLO",2246,"Pc","Parma",3,3,0,2.4745631098258
255,255,2334,"A","LERIS","Chievo",22,5.59,5.52,3.19578947368421,"LERIS",2334,"C;W","Sampdoria",5,5,0,2.1999530395607
386,386,,,,,,,,3.16909381326123,"LAMANTIA",4477,"Pc","Lecce",9,9,0,1.9467038640952
387,387,,,,,,,,3.16909381326123,"PAZZINI",636,"Pc","Verona",9,9,0,1.9467038640952
388,388,,,,,,,,3.16909381326123,"LAZARO",4385,"E","Inter",9,9,0,1.9467038640952
389,389,,,,,,,,3.16909381326123,"ZAPPACOSTA",554,"Dd;E","Roma",9,9,0,1.9467038640952
390,390,,,,,,,,3.16909381326123,"PEZZELLAGER",2309,"Dc","Fiorentina",9,10,-1,1.9467038640952
391,391,,,,,,,,3.16909381326123,"ROMEROC",4307,"Dc","Genoa",9,9,0,1.9467038640952
392,392,,,,,,,,3.16909381326123,"VAVRO",4397,"Dc","Lazio",9,9,0,1.9467038640952
393,393,,,,,,,,3.16909381326123,"BRUNOALVES",1864,"Dc","Parma",9,9,0,1.9467038640952
394,394,,,,,,,,3.16909381326123,"FERRARIG",1895,"Dc","Sassuolo",9,9,0,1.9467038640952
395,395,,,,,,,,3.16909381326123,"RODRIGOBECAO",4412,"Dc","Udinese",9,7,2,1.9467038640952
396,396,,,,,,,,3.16909381326123,"DUARTE",4511,"Dc","Milan",9,9,0,1.9467038640952
397,397,,,,,,,,3.16909381326123,"ZACCAGNI",632,"C;T","Verona",9,9,0,1.9467038640952
398,398,,,,,,,,3.16909381326123,"SKOVOLSEN",4415,"A","Bologna",9,9,0,1.9467038640952
269,269,2744,"C","SVANBERG","Bologna",21,5.67,5.71,3.15552631578947,"SVANBERG",2744,"C","Bologna",3,3,0,1.81799539637373
307,307,2836,"P","OLSEN","Roma",27,6,4.41,3.13342105263158,"OLSEN",2836,"Por","Cagliari",1,1,0,1.60829316089859
3,3,21,"C","D'ALESSANDRO","Udinese",20,5.95,5.92,3.11578947368421,"DALESSANDRO",21,"E","SPAL",7,7,0,1.44103066355527
36,36,234,"C","KUCKA","Parma",18,5.94,6.56,3.10736842105263,"KUCKA",234,"M;C","Parma",14,14,0,1.36114409765994
227,227,2187,"C","BORINI","Milan",19,5.92,6.21,3.105,"BORINI",2187,"W","Milan",5,5,0,1.33867600100191
79,79,376,"C","VERDI","Napoli",18,5.86,6.53,3.09315789473684,"VERDI",376,"W;A","Napoli",17,17,0,1.22633551771161
107,107,491,"D","SALAMON","Frosinone",20,5.82,5.75,3.02631578947368,"SALAMON",491,"Dc","SPAL",3,3,0,0.592235900917571
8,8,54,"D","ROSSETTINI","Chievo",21,5.55,5.43,3.00078947368421,"ROSSETTINI",54,"Dd;Dc","Lecce",5,5,0,0.350079748047452
261,261,2646,"C","SANDRO","Udinese",21,5.64,5.43,3.00078947368421,"SANDRO",2646,"M;C","Genoa",2,2,0,0.350079748047452
197,197,2009,"C","LUKIC","Torino",18,6.08,6.28,2.97473684210526,"LUKIC",2009,"C","Torino",6,5,1,0.10293068480881
399,399,,,,,,,,2.95395110597029,"MOROSINI",2106,"T;A","Brescia",8,8,0,-0.094253818373337
400,400,,,,,,,,2.95395110597029,"SPALEK",4448,"T","Brescia",8,8,0,-0.094253818373337
401,401,,,,,,,,2.95395110597029,"MANCOSU",65,"T","Lecce",8,8,0,-0.094253818373337
402,402,,,,,,,,2.95395110597029,"BERISHAE",316,"Por","SPAL",8,8,0,-0.094253818373337
403,403,,,,,,,,2.95395110597029,"TONALI",4449,"M;C","Brescia",8,7,1,-0.094253818373337
404,404,,,,,,,,2.95395110597029,"HERNANDEZT",4292,"Ds;E","Milan",8,8,0,-0.094253818373337
405,405,,,,,,,,2.95395110597029,"RODRIGUEZR",2169,"Ds;E","Milan",8,8,0,-0.094253818373337
406,406,,,,,,,,2.95395110597029,"DENSWIL",4414,"Ds;Dc","Bologna",8,8,0,-0.094253818373337
407,407,,,,,,,,2.95395110597029,"IGOR",4407,"Ds;Dc","SPAL",8,7,1,-0.094253818373337
408,408,,,,,,,,2.95395110597029,"TOLJAN",4426,"Dd;Ds;E","Sassuolo",8,8,0,-0.094253818373337
409,409,,,,,,,,2.95395110597029,"STRYGERLARSEN",2315,"Dd;Dc;E","Udinese",8,8,0,-0.094253818373337
410,410,,,,,,,,2.95395110597029,"CISTANA",4442,"Dd;Dc","Brescia",8,7,1,-0.094253818373337
411,411,,,,,,,,2.95395110597029,"DANILOLAR",578,"Dc","Bologna",8,8,0,-0.094253818373337
412,412,,,,,,,,2.95395110597029,"ZAPATAC",365,"Dc","Genoa",8,8,0,-0.094253818373337
413,413,,,,,,,,2.95395110597029,"LUIZFELIPE",2335,"Dc","Lazio",8,7,1,-0.094253818373337
414,414,,,,,,,,2.95395110597029,"MURILLO",259,"Dc","Sampdoria",8,9,-1,-0.094253818373337
415,415,,,,,,,,2.95395110597029,"SKRTEL",4516,"Dc","Atalanta",8,8,0,-0.094253818373337
416,416,,,,,,,,2.95395110597029,"ZMRHAL",4513,"C;W","Brescia",8,8,0,-0.094253818373337
417,417,,,,,,,,2.95395110597029,"CASTROVILLI",4377,"C;T","Fiorentina",8,7,1,-0.094253818373337
418,418,,,,,,,,2.95395110597029,"ADEKANYE",4388,"A","Lazio",8,8,0,-0.094253818373337
298,298,2804,"C","SCOZZARELLA","Parma",19,5.92,5.87,2.935,"SCOZZARELLA",2804,"M;C","Parma",4,4,0,-0.274034048009648
137,137,630,"D","SALA","Sampdoria",19,5.87,5.79,2.895,"SALA",630,"Dd;E","Sampdoria",4,4,0,-0.653495236012367
279,279,2769,"D","MAGNANI","Sassuolo",18,6.11,6.11,2.89421052631579,"MAGNANI",2769,"Dc","Brescia",6,6,0,-0.660984601565049
22,22,144,"D","TONELLI","Sampdoria",19,5.84,5.74,2.87,"TONELLI",144,"Dc","Napoli",5,5,0,-0.890658478514065
235,235,2213,"C","CASSATA","Frosinone",18,5.83,6,2.84210526315789,"CASSATA",2213,"C","Genoa",1,1,0,-1.15528272804232
243,243,2279,"D","ROMAGNA","Cagliari",18,6.06,6,2.84210526315789,"ROMAGNA",2279,"Dc","Cagliari",5,5,0,-1.15528272804232
91,91,407,"A","GABBIADINI","Sampdoria",16,6,6.66,2.80421052631579,"GABBIADINI",407,"A","Sampdoria",13,13,0,-1.51477227457116
160,160,801,"C","GAGLIARDINI","Inter",15,6.1,6.97,2.75131578947368,"GAGLIARDINI",801,"M;C","Inter",9,9,0,-2.01655976660112
419,419,,,,,,,,2.73880839867935,"MARONI",4405,"T","Sampdoria",7,7,0,-2.13521150084187
420,420,,,,,,,,2.73880839867935,"JORONEN",4425,"Por","Brescia",7,6,1,-2.13521150084187
421,421,,,,,,,,2.73880839867935,"RADUI",1843,"Por","Genoa",7,8,-1,-2.13521150084187
422,422,,,,,,,,2.73880839867935,"SILVESTRI",2211,"Por","Verona",7,6,1,-2.13521150084187
423,423,,,,,,,,2.73880839867935,"AYE",4413,"Pc","Brescia",7,7,0,-2.13521150084187
424,424,,,,,,,,2.73880839867935,"HERNANI",4423,"M;C","Parma",7,7,0,-2.13521150084187
425,425,,,,,,,,2.73880839867935,"MIGUELVELOSO",2011,"M;C","Verona",7,5,2,-2.13521150084187
426,426,,,,,,,,2.73880839867935,"IMBULA",2389,"M;C","Lecce",7,7,0,-2.13521150084187
427,427,,,,,,,,2.73880839867935,"WALACE",2392,"M","Udinese",7,7,0,-2.13521150084187
428,428,,,,,,,,2.73880839867935,"JONY",4424,"E;W","Lazio",7,7,0,-2.13521150084187
429,429,,,,,,,,2.73880839867935,"ARANA",4526,"E","Atalanta",7,7,0,-2.13521150084187
430,430,,,,,,,,2.73880839867935,"BOCCHETTI",4420,"Ds;Dc","Verona",7,7,0,-2.13521150084187
431,431,,,,,,,,2.73880839867935,"MASIELLOA",15,"Dd;Dc","Atalanta",7,7,0,-2.13521150084187
432,432,,,,,,,,2.73880839867935,"ELMAS",4479,"C;T","Napoli",7,7,0,-2.13521150084187
433,433,,,,,,,,2.73880839867935,"NDOJ",4447,"C","Brescia",7,7,0,-2.13521150084187
92,92,408,"A","HIGUAIN","Milan",15,6,6.93,2.73552631578947,"HIGUAIN",408,"Pc","Juventus",28,28,0,-2.16634707765482
133,133,610,"P","GOLLINI","Atalanta",20,6.22,5.15,2.71052631578947,"GOLLINI",610,"Por","Atalanta",14,14,0,-2.40351032015652
256,256,2355,"D","MARLON","Sassuolo",18,5.69,5.72,2.70947368421053,"MARLON",2355,"Dc","Sassuolo",6,6,0,-2.41349614089336
18,18,126,"A","PALOSCHI","SPAL",17,5.74,6,2.68421052631579,"PALOSCHI",126,"Pc","SPAL",8,8,0,-2.65315583857932
265,265,2719,"A","BARROW","Atalanta",17,5.82,6,2.68421052631579,"BARROW",2719,"Pc","Atalanta",8,8,0,-2.65315583857932
202,202,2062,"D","BASTOS","Lazio",17,5.82,5.91,2.64394736842105,"BASTOS",2062,"Dc","Lazio",5,5,0,-3.0351134817663
263,263,2659,"C","DABO","Fiorentina",17,5.79,5.91,2.64394736842105,"DABO",2659,"M;C","Fiorentina",3,3,0,-3.0351134817663
121,121,533,"A","FLOCCARI","SPAL",15,6.07,6.67,2.63289473684211,"FLOCCARI",533,"Pc","SPAL",7,7,0,-3.13996459950382
124,124,550,"D","MAKSIMOVIC","Napoli",17,5.88,5.76,2.57684210526316,"MAKSIMOVIC",550,"Dd;Dc","Napoli",5,5,0,-3.6717095537445
172,172,1871,"C","DEIOLA","Cagliari",17,5.74,5.65,2.52763157894737,"DEIOLA",1871,"C","Cagliari",2,2,0,-4.13854667319521
434,434,,,,,,,,2.52366569138841,"AMRABAT",4522,"E;M","Verona",6,5,1,-4.17616918331041
435,435,,,,,,,,2.52366569138841,"MARTELLA",1896,"Ds;E","Brescia",6,6,0,-4.17616918331041
436,436,,,,,,,,2.52366569138841,"BARRECA",1979,"Ds;E","Genoa",6,6,0,-4.17616918331041
437,437,,,,,,,,2.52366569138841,"PELLEGRINILU",2728,"Ds;E","Cagliari",6,6,0,-4.17616918331041
438,438,,,,,,,,2.52366569138841,"CALDERONI",4470,"Ds;E","Lecce",6,6,0,-4.17616918331041
439,439,,,,,,,,2.52366569138841,"SABELLI",791,"Dd;E","Brescia",6,6,0,-4.17616918331041
440,440,,,,,,,,2.52366569138841,"BENZAR",4398,"Dd;E","Lecce",6,6,0,-4.17616918331041
441,441,,,,,,,,2.52366569138841,"MATEJU",4373,"Dd;Ds;E","Brescia",6,6,0,-4.17616918331041
442,442,,,,,,,,2.52366569138841,"RRAHMANI",4409,"Dd;Ds;Dc","Verona",6,5,1,-4.17616918331041
443,443,,,,,,,,2.52366569138841,"GRAVILLON",2184,"Dd;Dc","Sassuolo",6,6,0,-4.17616918331041
444,444,,,,,,,,2.52366569138841,"CHANCELLOR",4429,"Dc","Brescia",6,5,1,-4.17616918331041
445,445,,,,,,,,2.52366569138841,"DEMAIO",224,"Dc","Udinese",6,6,0,-4.17616918331041
446,446,,,,,,,,2.52366569138841,"TROOSTEKONG",2870,"Dc","Udinese",6,5,1,-4.17616918331041
447,447,,,,,,,,2.52366569138841,"ZURKOWSKI",4376,"C","Fiorentina",6,6,0,-4.17616918331041
448,448,,,,,,,,2.52366569138841,"GUMUS",4381,"A","Genoa",6,6,0,-4.17616918331041
147,147,697,"C","CUADRADO","Juventus",16,5.78,5.97,2.51368421052632,"CUADRADO",697,"E;W","Juventus",9,9,0,-4.2708587979593
152,152,771,"C","BOATENG","Sassuolo",13,6.35,7.31,2.50078947368421,"BOATENG",771,"A","Fiorentina",17,16,1,-4.39318510198653
84,84,390,"D","GHOULAM","Napoli",15,6,6.33,2.49868421052632,"GHOULAM",390,"Ds;E","Napoli",12,12,0,-4.41315674346032
316,316,2869,"D","DJIDJI","Torino",16,5.97,5.91,2.48842105263158,"DJIDJI",2869,"Ds;Dc","Torino",8,8,0,-4.51051849564525
189,189,1987,"C","JANKTO","Sampdoria",17,5.59,5.53,2.47394736842105,"JANKTO",1987,"C","Sampdoria",9,9,0,-4.64782353077785
58,58,294,"D","RUGANI","Juventus",15,5.93,6.23,2.45921052631579,"RUGANI",294,"Dc","Juventus",7,7,0,-4.78762502109461
13,13,106,"D","MATTIELLO","Bologna",16,5.72,5.84,2.45894736842105,"MATTIELLO",106,"Dd;Ds;E","Cagliari",6,6,0,-4.79012147627887
325,325,4332,"D","DEMIRAL","Sassuolo",14,6.29,6.61,2.43526315789474,"DEMIRAL",4332,"Dc","Juventus",8,8,0,-5.01480244285937
39,39,237,"C","PEROTTI","Roma",13,6,7.04,2.40842105263158,"PEROTTI",237,"W","Roma",14,14,0,-5.26944087165069
167,167,1858,"C","KREJCI","Bologna",16,5.59,5.72,2.40842105263158,"KREJCI",1858,"E","Bologna",2,2,0,-5.26944087165069
115,115,521,"D","PELUSO","Sassuolo",16,5.62,5.66,2.38315789473684,"PELUSO",521,"Ds;Dc","Sassuolo",3,3,0,-5.50910056933665
70,70,331,"C","BIGLIA","Milan",15,5.93,6.03,2.38026315789474,"BIGLIA",331,"M;C","Milan",9,9,0,-5.53656157636311
80,80,380,"A","MATRI","Sassuolo",15,5.7,6.03,2.38026315789474,"MATRI",380,"Pc","Sassuolo",4,4,0,-5.53656157636311
191,191,1998,"A","PJACA","Fiorentina",15,5.7,5.93,2.34078947368421,"PJACA",1998,"A","Juventus",4,4,0,-5.91102985399741
96,96,433,"C","HILJEMARK","Genoa",15,5.7,5.9,2.32894736842105,"HILJEMARK",433,"C","Genoa",5,5,0,-6.02337033728771
449,449,,,,,,,,2.30852298409747,"BONAZZOLI",505,"Pc","Sampdoria",5,4,1,-6.21712686577895
450,450,,,,,,,,2.30852298409747,"SHAKHOV",4400,"M;C","Lecce",5,5,0,-6.21712686577895
451,451,,,,,,,,2.30852298409747,"JAJALO",434,"M;C","Udinese",5,5,0,-6.21712686577895
452,452,,,,,,,,2.30852298409747,"BRUGMAN",430,"M;C","Parma",5,5,0,-6.21712686577895
453,453,,,,,,,,2.30852298409747,"TACHTSIDIS",241,"M","Lecce",5,5,0,-6.21712686577895
454,454,,,,,,,,2.30852298409747,"MEDEL",272,"M","Bologna",5,5,0,-6.21712686577895
455,455,,,,,,,,2.30852298409747,"SEMA",4524,"E","Udinese",5,5,0,-6.21712686577895
456,456,,,,,,,,2.30852298409747,"MARIORUI",142,"Ds;E","Napoli",5,5,0,-6.21712686577895
457,457,,,,,,,,2.30852298409747,"PEZZELLAGIU",770,"Ds;E","Parma",5,5,0,-6.21712686577895
458,458,,,,,,,,2.30852298409747,"JUANJESUS",256,"Ds;Dc","Roma",5,5,0,-6.21712686577895
459,459,,,,,,,,2.30852298409747,"RISPOLI",423,"Dd;E","Lecce",5,5,0,-6.21712686577895
460,460,,,,,,,,2.30852298409747,"DESCIGLIO",358,"Dd;Ds;E","Juventus",5,5,0,-6.21712686577895
461,461,,,,,,,,2.30852298409747,"TOMIYASU",4422,"Dd;Dc","Bologna",5,4,1,-6.21712686577895
462,462,,,,,,,,2.30852298409747,"LUCIONI",2241,"Dc","Lecce",5,5,0,-6.21712686577895
463,463,,,,,,,,2.30852298409747,"DAWIDOWICZ",4493,"Dc","Verona",5,5,0,-6.21712686577895
464,464,,,,,,,,2.30852298409747,"CETIN",4519,"Dc","Roma",5,5,0,-6.21712686577895
465,465,,,,,,,,2.30852298409747,"BERISHAV",2771,"C;T","Lazio",5,5,0,-6.21712686577895
466,466,,,,,,,,2.30852298409747,"MAJER",4475,"C;T","Lecce",5,5,0,-6.21712686577895
467,467,,,,,,,,2.30852298409747,"PETRICCIONE",179,"C","Lecce",5,5,0,-6.21712686577895
468,468,,,,,,,,2.30852298409747,"THORSBY",4404,"C","Sampdoria",5,5,0,-6.21712686577895
469,469,,,,,,,,2.30852298409747,"FALCO",658,"A","Lecce",5,4,1,-6.21712686577895
317,317,2871,"D","KLAVAN","Cagliari",15,5.9,5.83,2.30131578947368,"KLAVAN",2871,"Dc","Cagliari",6,6,0,-6.2854981316317
105,105,479,"A","SANABRIA","Genoa",14,5.79,6.18,2.27684210526316,"SANABRIA",479,"Pc","Genoa",9,9,0,-6.51766846376488
114,114,517,"D","DELL'ORCO","Empoli",14,5.89,6.14,2.26210526315789,"DELLORCO",517,"Ds;Dc","Lecce",5,5,0,-6.65746995408174
193,193,2003,"C","MURGIA","SPAL",14,5.93,6.11,2.25105263157895,"MURGIA",2003,"M;C","SPAL",8,8,0,-6.76232107181926
177,177,1917,"P","DRAGOWSKI","Empoli",17,6.44,5.03,2.25026315789474,"DRAGOWSKI",1917,"Por","Fiorentina",10,11,-1,-6.76981043737194
221,221,2171,"D","LYANCO","Bologna",14,5.89,5.96,2.19578947368421,"LYANCO",2171,"Dc","Torino",8,8,0,-7.28657666050726
259,259,2468,"P","OSPINA","Napoli",17,6.06,4.88,2.18315789473684,"OSPINA",2468,"Por","Napoli",3,3,0,-7.40640650935024
174,174,1876,"D","PAJAC","Empoli",13,6,6.35,2.17236842105263,"PAJAC",1876,"Ds;E","Genoa",5,5,0,-7.5087611719036
12,12,99,"D","CACCIATORE","Cagliari",14,5.86,5.89,2.17,"CACCIATORE",99,"Dd;Ds;E","Cagliari",8,8,0,-7.53122926856164
257,257,2378,"C","PASTORE","Roma",12,5.92,6.75,2.13157894736842,"PASTORE",2378,"T","Roma",10,10,0,-7.895711725459
323,323,4330,"C","LERAGER","Genoa",14,5.68,5.75,2.11842105263158,"LERAGER",4330,"M;C","Genoa",7,7,0,-8.0205344846704
320,320,4322,"C","PAQUETA'","Milan",13,6.12,6.19,2.11763157894737,"PAQUETA",4322,"T","Milan",14,15,-1,-8.02802385022308
68,68,327,"D","PATRIC","Lazio",14,5.75,5.71,2.10368421052632,"PATRIC",327,"Dd;Dc;E","Lazio",2,2,0,-8.16033597498716
470,470,,,,,,,,2.09338027680653,"DIGAUDIO",81,"W","Verona",4,4,0,-8.25808454824749
471,471,,,,,,,,2.09338027680653,"BUFFON",282,"Por","Juventus",4,4,0,-8.25808454824749
472,472,,,,,,,,2.09338027680653,"AUGELLO",4421,"Ds;E","Sampdoria",4,4,0,-8.25808454824749
473,473,,,,,,,,2.09338027680653,"VITALEL",4496,"Ds;E","Verona",4,4,0,-8.25808454824749
474,474,,,,,,,,2.09338027680653,"EMPEREUR",4494,"Ds;Dc","Verona",4,4,0,-8.25808454824749
475,475,,,,,,,,2.09338027680653,"TERAVEST",2795,"Dd;E","Udinese",4,4,0,-8.25808454824749
476,476,,,,,,,,2.09338027680653,"FARAONI",581,"Dd;E","Verona",4,4,0,-8.25808454824749
477,477,,,,,,,,2.09338027680653,"FERRARIA",45,"Dd;Dc","Sampdoria",4,4,0,-8.25808454824749
478,478,,,,,,,,2.09338027680653,"MULDUR",4521,"Dd;Dc","Sassuolo",4,3,1,-8.25808454824749
479,479,,,,,,,,2.09338027680653,"MECCARIELLO",4472,"Dc","Lecce",4,4,0,-8.25808454824749
480,480,,,,,,,,2.09338027680653,"DERMAKU",139,"Dc","Parma",4,4,0,-8.25808454824749
481,481,,,,,,,,2.09338027680653,"CHABOT",4403,"Dc","Sampdoria",4,4,0,-8.25808454824749
482,482,,,,,,,,2.09338027680653,"SCHOUTEN",4393,"C;T","Bologna",4,4,0,-8.25808454824749
483,483,,,,,,,,2.09338027680653,"JAGIELLO",4384,"C","Genoa",4,4,0,-8.25808454824749
484,484,,,,,,,,2.09338027680653,"HENDERSONL",4498,"C","Verona",4,4,0,-8.25808454824749
485,485,,,,,,,,2.09338027680653,"AGUDELO",4515,"C","Genoa",4,4,0,-8.25808454824749
284,284,2776,"A","YOUNES","Napoli",11,6.27,7.23,2.09289473684211,"YOUNES",2776,"W;A","Napoli",8,8,0,-8.26269063754052
15,15,112,"C","CASTRO","Cagliari",12,6.12,6.58,2.07789473684211,"CASTRO",112,"C;T","Cagliari",13,13,0,-8.40498858304154
195,195,2007,"D","WALLACE","Lazio",15,5.57,5.2,2.05263157894737,"WALLACE",2007,"Dc","Lazio",3,3,0,-8.6446482807275
62,62,306,"A","CERRI","Cagliari",14,5.61,5.5,2.02631578947368,"CERRI",306,"Pc","Cagliari",3,3,0,-8.89429379915039
129,129,572,"P","MERET","Napoli",14,6.18,5.46,2.01157894736842,"MERET",572,"Por","Napoli",14,15,-1,-9.03409528946716
89,89,405,"C","VALDIFIORI","SPAL",13,5.88,5.85,2.00131578947368,"VALDIFIORI",405,"C","SPAL",2,2,0,-9.13145704165209
50,50,262,"D","SANTON","Roma",13,5.69,5.77,1.97394736842105,"SANTON",262,"Dd;Ds;E","Roma",3,3,0,-9.39108838081183
37,37,235,"C","LAXALT","Milan",13,5.77,5.69,1.94657894736842,"LAXALT",235,"E","Torino",5,5,0,-9.65071971997157
21,21,141,"D","LAURINI","Fiorentina",13,5.81,5.65,1.93289473684211,"LAURINI",141,"Dd;E","Parma",7,7,0,-9.78053538955139
176,176,1891,"D","CECCHERINI","Fiorentina",13,5.77,5.65,1.93289473684211,"CECCHERINI",1891,"Dd;Dc","Fiorentina",6,6,0,-9.78053538955139
72,72,333,"C","CATALDI","Lazio",11,6.09,6.64,1.92210526315789,"CATALDI",333,"M;C","Lazio",6,6,0,-9.88289005210485
486,486,,,,,,,,1.87823756951559,"LUKAKUJ",1999,"E","Lazio",3,3,0,-10.299042230716
487,487,,,,,,,,1.87823756951559,"WALUKIEWICZ",4374,"Dc","Cagliari",3,3,0,-10.299042230716
488,488,,,,,,,,1.87823756951559,"HAYE",4474,"C;T","Lecce",3,3,0,-10.299042230716
489,489,,,,,,,,1.87823756951559,"TABANELLI",4476,"C;T","Lecce",3,3,0,-10.299042230716
490,490,,,,,,,,1.87823756951559,"GUSTAFSON",2057,"C;T","Torino",3,3,0,-10.299042230716
491,491,,,,,,,,1.87823756951559,"BORJAVALERO",172,"C","Inter",3,3,0,-10.299042230716
282,282,2773,"A","SPROCATI","Parma",12,5.67,5.92,1.86947368421053,"SPROCATI",2773,"W;A","Parma",6,6,0,-10.3821810889505
56,56,287,"D","CACERES","Juventus",12,5.79,5.75,1.81578947368421,"CACERES",287,"Dd;Dc","Fiorentina",4,4,0,-10.8914579465331
6,6,41,"P","MIRANTE","Roma",11,6.55,6.27,1.815,"MIRANTE",41,"Por","Roma",1,1,0,-10.8989473120858
71,71,332,"C","CANDREVA","Inter",11,6,6.27,1.815,"CANDREVA",332,"E;W","Inter",10,9,1,-10.8989473120858
48,48,254,"D","DIMARCO","Parma",11,6.14,6.23,1.80342105263158,"DIMARCO",254,"Ds;E","Inter",3,3,0,-11.0087913401918
272,272,2752,"D","RASMUSSEN","Empoli",13,5.31,5.27,1.80289473684211,"RASMUSSEN",2752,"Dc","Fiorentina",2,2,0,-11.0137842505602
103,103,472,"A","DESTRO","Bologna",9,6.28,7.56,1.79052631578947,"DESTRO",472,"Pc","Bologna",18,19,-1,-11.131117644219
187,187,1982,"A","PARIGINI","Torino",12,5.75,5.67,1.79052631578947,"PARIGINI",1982,"W","Torino",2,2,0,-11.131117644219
108,108,494,"C","BARRETO","Sampdoria",11,6.05,6.14,1.77736842105263,"BARRETO",494,"M;C","Sampdoria",5,5,0,-11.2559404034304
274,274,2758,"D","GUNTER","Genoa",12,5.67,5.62,1.77473684210526,"GUNTER",2758,"Dc","Verona",5,5,0,-11.2809049552727
318,318,2873,"A","TEODORCZYK","Udinese",12,5.67,5.62,1.77473684210526,"TEODORCZYK",2873,"Pc","Udinese",8,8,0,-11.2809049552727
60,60,299,"C","KHEDIRA","Juventus",10,6.1,6.7,1.76315789473684,"KHEDIRA",299,"C","Juventus",8,8,0,-11.3907489833788
492,492,,,,,,,,1.66309486222465,"LOFASO",2048,"T;A","Lecce",2,2,0,-12.3399999131846
493,493,,,,,,,,1.66309486222465,"ANDERSONA",4389,"T","Lazio",2,2,0,-12.3399999131846
494,494,,,,,,,,1.66309486222465,"DANZI",2726,"M;C","Verona",2,2,0,-12.3399999131846
495,495,,,,,,,,1.66309486222465,"CURCIO",4443,"Ds;E","Brescia",2,2,0,-12.3399999131846
496,496,,,,,,,,1.66309486222465,"VERA",4399,"Ds;E","Lecce",2,2,0,-12.3399999131846
497,497,,,,,,,,1.66309486222465,"TRIPALDELLI",4406,"Ds;E","Sassuolo",2,2,0,-12.3399999131846
498,498,,,,,,,,1.66309486222465,"PINNA",4454,"Dd;E","Cagliari",2,1,1,-12.3399999131846
499,499,,,,,,,,1.66309486222465,"FIAMOZZI",805,"Dd;E","Lecce",2,2,0,-12.3399999131846
500,500,,,,,,,,1.66309486222465,"SEMPRINI",4444,"Dd;Dc;E","Brescia",2,2,0,-12.3399999131846
501,501,,,,,,,,1.66309486222465,"GASTALDELLO",47,"Dc","Brescia",2,2,0,-12.3399999131846
502,502,,,,,,,,1.66309486222465,"ELYAMIQ",2664,"Dc","Genoa",2,1,1,-12.3399999131846
503,503,,,,,,,,1.66309486222465,"KUMBULLA",4495,"Dc","Verona",2,1,1,-12.3399999131846
504,504,,,,,,,,1.66309486222465,"RIGONIL",438,"C","Parma",2,2,0,-12.3399999131846
505,505,,,,,,,,1.66309486222465,"RAGATZU",4455,"A","Cagliari",2,2,0,-12.3399999131846
506,506,,,,,,,,1.66309486222465,"TUTINO",4507,"A","Verona",2,1,1,-12.3399999131846
507,507,,,,,,,,1.66309486222465,"ANTONUCCI",2657,"A","Roma",2,2,0,-12.3399999131846
249,249,2289,"D","DALBERT","Inter",11,5.73,5.73,1.65868421052632,"DALBERT",2289,"Ds;E","Fiorentina",3,3,0,-12.3818416915174
9,9,58,"C","DIAWARA","Napoli",11,5.82,5.64,1.63263157894737,"DIAWARA",58,"M;C","Roma",9,9,0,-12.628990754756
120,120,532,"A","FALCINELLI","Bologna",11,5.45,5.55,1.60657894736842,"FALCINELLI",532,"Pc","Bologna",5,5,0,-12.8761398179947
27,27,169,"D","TOMOVIC","Chievo",10,5.6,5.85,1.53947368421053,"TOMOVIC",169,"Dd;Dc","SPAL",4,4,0,-13.5127358899729
76,76,367,"C","BONAVENTURA","Milan",8,6.12,7.25,1.52631578947368,"BONAVENTURA",367,"C;W;T","Milan",18,18,0,-13.6375586491844
294,294,2793,"D","OPOKU","Udinese",11,5.45,5.23,1.51394736842105,"OPOKU",2793,"Dc","Udinese",2,2,0,-13.7548920428431
313,313,2855,"C","VIEIRA","Sampdoria",10,5.8,5.7,1.5,"VIEIRA",2855,"M;C","Sampdoria",4,4,0,-13.8872041676072
86,86,393,"D","LUPERTO","Napoli",10,5.65,5.65,1.48684210526316,"LUPERTO",393,"Ds;Dc","Napoli",3,3,0,-14.0120269268186
262,262,2653,"D","LYKOGIANNIS","Cagliari",10,5.5,5.55,1.46052631578947,"LYKOGIANNIS",2653,"Ds;E","Cagliari",4,4,0,-14.2616724452415
508,508,,,,,,,,1.44795215493371,"TREMOLADA",4450,"T","Brescia",1,1,0,-14.3809575956531
509,509,,,,,,,,1.44795215493371,"FAGIOLI",4465,"T","Juventus",1,1,0,-14.3809575956531
510,510,,,,,,,,1.44795215493371,"ROSSIF",2297,"Por","Atalanta",1,1,0,-14.3809575956531
511,511,,,,,,,,1.44795215493371,"DACOSTA",40,"Por","Bologna",1,1,0,-14.3809575956531
512,512,,,,,,,,1.44795215493371,"SARRM",42,"Por","Bologna",1,1,0,-14.3809575956531
513,513,,,,,,,,1.44795215493371,"ALFONSO",4440,"Por","Brescia",1,1,0,-14.3809575956531
514,514,,,,,,,,1.44795215493371,"ANDRENACCI",4441,"Por","Brescia",1,1,0,-14.3809575956531
515,515,,,,,,,,1.44795215493371,"CEROFOLINI",2294,"Por","Fiorentina",1,1,0,-14.3809575956531
516,516,,,,,,,,1.44795215493371,"BLEVE",4468,"Por","Lecce",1,1,0,-14.3809575956531
517,517,,,,,,,,1.44795215493371,"MILLI",4469,"Por","Lecce",1,1,0,-14.3809575956531
518,518,,,,,,,,1.44795215493371,"VIGORITO",2809,"Por","Lecce",1,1,0,-14.3809575956531
519,519,,,,,,,,1.44795215493371,"DONNARUMMAAN",216,"Por","Milan",1,1,0,-14.3809575956531
520,520,,,,,,,,1.44795215493371,"COLOMBI",412,"Por","Parma",1,1,0,-14.3809575956531
521,521,,,,,,,,1.44795215493371,"THIAMD",4485,"Por","SPAL",1,1,0,-14.3809575956531
522,522,,,,,,,,1.44795215493371,"ZACCAGNO",2270,"Por","Torino",1,1,0,-14.3809575956531
523,523,,,,,,,,1.44795215493371,"BERARDIA",4491,"Por","Verona",1,1,0,-14.3809575956531
524,524,,,,,,,,1.44795215493371,"BORGHETTO",4410,"Por","Verona",1,1,0,-14.3809575956531
525,525,,,,,,,,1.44795215493371,"RADUNOVIC",3,"Por","Verona",1,1,0,-14.3809575956531
526,526,,,,,,,,1.44795215493371,"ALASTRA",654,"Por","Parma",1,1,0,-14.3809575956531
527,527,,,,,,,,1.44795215493371,"RUSSOA",4518,"Por","Sassuolo",1,1,0,-14.3809575956531
528,528,,,,,,,,1.44795215493371,"LETICA",4520,"Por","SPAL",1,1,0,-14.3809575956531
529,529,,,,,,,,1.44795215493371,"AVOGADRI",4523,"Por","Sampdoria",1,1,0,-14.3809575956531
530,530,,,,,,,,1.44795215493371,"GEMELLO",4525,"Por","Torino",1,1,0,-14.3809575956531
531,531,,,,,,,,1.44795215493371,"ESPOSITOSE",4463,"Pc","Inter",1,1,0,-14.3809575956531
532,532,,,,,,,,1.44795215493371,"SALCEDOE",2304,"Pc","Verona",1,1,0,-14.3809575956531
533,533,,,,,,,,1.44795215493371,"ADORANTE",4387,"Pc","Parma",1,1,0,-14.3809575956531
534,534,,,,,,,,1.44795215493371,"RAUTI",4489,"Pc","Torino",1,1,0,-14.3809575956531
535,535,,,,,,,,1.44795215493371,"TUPTA",767,"Pc","Verona",1,1,0,-14.3809575956531
536,536,,,,,,,,1.44795215493371,"VIVIANIM",4451,"M;C","Brescia",1,1,0,-14.3809575956531
537,537,,,,,,,,1.44795215493371,"ROVELLA",4459,"M;C","Genoa",1,1,0,-14.3809575956531
538,538,,,,,,,,1.44795215493371,"STREFEZZA",4486,"E;W","SPAL",1,1,0,-14.3809575956531
539,539,,,,,,,,1.44795215493371,"TERZIC",4375,"Ds;E","Fiorentina",1,1,0,-14.3809575956531
540,540,,,,,,,,1.44795215493371,"GALLO",4502,"Ds;E","Lecce",1,1,0,-14.3809575956531
541,541,,,,,,,,1.44795215493371,"RANIERIL",4378,"Ds;Dc","Fiorentina",1,1,0,-14.3809575956531
542,542,,,,,,,,1.44795215493371,"BOUAH",4481,"Dd;E","Roma",1,1,0,-14.3809575956531
543,543,,,,,,,,1.44795215493371,"GILLI",4488,"Dd;E","Torino",1,1,0,-14.3809575956531
544,544,,,,,,,,1.44795215493371,"CRESCENZI",457,"Dd;Ds;E","Verona",1,1,0,-14.3809575956531
545,545,,,,,,,,1.44795215493371,"OKOLI",4432,"Dc","Atalanta",1,1,0,-14.3809575956531
546,546,,,,,,,,1.44795215493371,"MANGRAVITI",4504,"Dc","Brescia",1,1,0,-14.3809575956531
547,547,,,,,,,,1.44795215493371,"RIZZON",4392,"Dc","Genoa",1,1,0,-14.3809575956531
548,548,,,,,,,,1.44795215493371,"JORGESILVA",4467,"Dc","Lazio",1,1,0,-14.3809575956531
549,549,,,,,,,,1.44795215493371,"RICCARDID",4473,"Dc","Lecce",1,1,0,-14.3809575956531
550,550,,,,,,,,1.44795215493371,"GABBIA",4401,"Dc","Milan",1,1,0,-14.3809575956531
551,551,,,,,,,,1.44795215493371,"MINELLI",4480,"Dc","Parma",1,1,0,-14.3809575956531
552,552,,,,,,,,1.44795215493371,"BUONGIORNO",2724,"Dc","Torino",1,1,0,-14.3809575956531
553,553,,,,,,,,1.44795215493371,"CIPRIANO",4509,"Dc","Lazio",1,1,0,-14.3809575956531
554,554,,,,,,,,1.44795215493371,"COLLEYE",4435,"C;W;T","Atalanta",1,1,0,-14.3809575956531
555,555,,,,,,,,1.44795215493371,"ZENNARO",4383,"C;T","Genoa",1,1,0,-14.3809575956531
556,556,,,,,,,,1.44795215493371,"DEANGELIS",4490,"C;T","Torino",1,1,0,-14.3809575956531
557,557,,,,,,,,1.44795215493371,"AGOUME",4411,"C","Inter",1,1,0,-14.3809575956531
558,558,,,,,,,,1.44795215493371,"NICOLUSSICAVIGLIA",4349,"C","Juventus",1,1,0,-14.3809575956531
559,559,,,,,,,,1.44795215493371,"LUCASFELIPPE",4499,"C","Verona",1,1,0,-14.3809575956531
560,560,,,,,,,,1.44795215493371,"CAMBIAGHI",4436,"A","Atalanta",1,1,0,-14.3809575956531
561,561,,,,,,,,1.44795215493371,"CANGIANO",4483,"A","Bologna",1,1,0,-14.3809575956531
562,562,,,,,,,,1.44795215493371,"BAHLOULI",4508,"A","Sampdoria",1,1,0,-14.3809575956531
166,166,1852,"D","SPINAZZOLA","Juventus",9,6,6.11,1.44710526315789,"SPINAZZOLA",1852,"Ds;E","Roma",7,7,0,-14.3889916596371
41,41,244,"D","GHIGLIONE","Frosinone",9,5.83,5.94,1.40684210526316,"GHIGLIONE",244,"Dd;E","Genoa",4,3,1,-14.770949302824
29,29,173,"C","CAPEZZI","Empoli",10,5.65,5.3,1.39473684210526,"CAPEZZI",173,"M;C","Sampdoria",3,3,0,-14.8857862412986
1,1,11,"D","CONTI","Milan",9,5.78,5.83,1.38078947368421,"CONTI",11,"Dd;E","Milan",5,5,0,-15.0180983660627
299,299,2815,"P","TERRACCIANO","Fiorentina",10,6.35,5.05,1.32894736842105,"TERRACCIANO",2815,"Por","Fiorentina",1,1,0,-15.5099000373557
185,185,1976,"C","MAZZITELLI","Genoa",9,5.72,5.56,1.31684210526316,"MAZZITELLI",1976,"C","Sassuolo",2,2,0,-15.6247369758301
250,250,2290,"C","EYSSERIC","Fiorentina",8,5.94,6,1.26315789473684,"EYSSERIC",2290,"W;T","Fiorentina",4,4,0,-16.1340138334128
128,128,570,"P","KARNEZIS","Napoli",9,6.11,5.33,1.26236842105263,"KARNEZIS",570,"Por","Napoli",1,1,0,-16.1415031989654
34,34,218,"P","PERIN","Juventus",9,5.89,4.94,1.17,"PERIN",218,"Por","Juventus",1,1,0,-17.0177589686296
205,205,2076,"C","ROG","Napoli",7,6.07,6.29,1.15868421052632,"ROG",2076,"C","Cagliari",10,10,0,-17.1251065415514
281,281,2772,"D","DURMISI","Lazio",8,5.56,5.31,1.11789473684211,"DURMISI",2772,"Ds;E","Lazio",2,2,0,-17.5120570951068
181,181,1939,"A","LAPADULA","Genoa",6,5.67,6.08,0.96,"LAPADULA",1939,"Pc","Lecce",13,14,-1,-19.0099302056439
4,4,27,"C","GRASSI","Parma",6,5.83,5.83,0.920526315789474,"GRASSI",27,"C","Parma",7,7,0,-19.3843984832781
173,173,1872,"C","DESSENA","Cagliari",6,5.67,5.42,0.85578947368421,"DESSENA",1872,"E;M","Brescia",5,5,0,-19.9985264585983
267,267,2741,"C","PESSINA","Atalanta",5,6.1,6.3,0.828947368421053,"PESSINA",2741,"C","Verona",3,3,0,-20.2531648873896
252,252,2317,"A","BRIGNOLA","Sassuolo",5,5.8,6.2,0.81578947368421,"BRIGNOLA",2317,"A","Sassuolo",3,3,0,-20.377987646601
61,61,305,"C","STURARO","Genoa",5,5.7,6.1,0.802631578947368,"STURARO",305,"M;C","Genoa",6,6,0,-20.5028104058125
161,161,819,"A","FAVILLI","Genoa",5,5.7,5.9,0.776315789473684,"FAVILLI",819,"Pc","Genoa",3,3,0,-20.7524559242353
238,238,2243,"C","CICIRETTI","Parma",5,5.6,5.6,0.736842105263158,"CICIRETTI",2243,"W;T","Napoli",1,1,0,-21.1269242018696
163,163,1839,"A","EDERA","Bologna",5,5.5,5.4,0.710526315789474,"EDERA",1839,"A","Torino",3,3,0,-21.3765697202924
222,222,2172,"C","BARAK","Udinese",5,5.4,5.4,0.710526315789474,"BARAK",2172,"T","Udinese",10,10,0,-21.3765697202924
138,138,631,"C","VIVIANI","Frosinone",5,5.4,5.3,0.697368421052632,"VIVIANI",631,"M;C","SPAL",4,4,0,-21.5013924795038
162,162,824,"D","ADJAPONG","Sassuolo",4,6,6.62,0.696842105263158,"ADJAPONG",824,"Dd;E","Verona",3,3,0,-21.5063853898723
319,319,4302,"D","SIERRALTA","Parma",5,5.5,4.9,0.644736842105263,"SIERRALTA",4302,"Dd;Dc","Udinese",2,2,0,-22.0006835163495
132,132,606,"A","THEREAU","Cagliari",4,5.75,5.75,0.605263157894737,"THEREAU",606,"A","Fiorentina",1,1,0,-22.3751517939838
309,309,2841,"A","VLAHOVIC","Fiorentina",4,5.62,5.62,0.591578947368421,"VLAHOVIC",2841,"Pc","Fiorentina",3,3,0,-22.5049674635637
289,289,2787,"D","DICKMANN","SPAL",4,5.5,5.38,0.566315789473684,"DICKMANN",2787,"Dd;E","SPAL",3,3,0,-22.7446271612496
83,83,387,"P","REINA","Milan",4,6.38,5.12,0.538947368421053,"REINA",387,"Por","Milan",1,1,0,-23.0042585004093
106,106,490,"D","REGINI","SPAL",3,6,6,0.473684210526316,"REGINI",490,"Ds;Dc;E","Sampdoria",2,2,0,-23.623379386098
130,130,589,"C","BADU","Udinese",3,6,6,0.473684210526316,"BADU",589,"M;C","Verona",6,6,0,-23.623379386098
326,326,4333,"A","DESPODOV","Cagliari",3,5.67,5.67,0.447631578947368,"DESPODOV",4333,"A","Cagliari",2,2,0,-23.8705284493366
305,305,2833,"C","KULUSEVSKI","Atalanta",3,5.5,5.5,0.434210526315789,"KULUSEVSKI",2833,"C;T","Parma",4,4,0,-23.9978476637322
112,112,510,"P","PEGOLO","Sassuolo",3,6,4.5,0.355263157894737,"PEGOLO",510,"Por","Sassuolo",1,1,0,-24.7467842190008
141,141,640,"D","CHIRICHES","Napoli",2,6.25,6.25,0.328947368421053,"CHIRICHES",640,"Dc","Napoli",4,4,0,-24.9964297374236
67,67,318,"P","MARCHETTI","Genoa",4,5.75,3.12,0.328421052631579,"MARCHETTI",318,"Por","Genoa",1,1,0,-25.0014226477921
49,49,261,"D","RANOCCHIA","Inter",2,6,5.75,0.302631578947368,"RANOCCHIA",261,"Dc","Inter",3,2,1,-25.2460752558464
327,327,4338,"C","JANKOVIC","SPAL",2,6,5.75,0.302631578947368,"JANKOVIC",4338,"W;T","SPAL",3,3,0,-25.2460752558464
290,290,2788,"D","BREMER","Torino",2,5.75,5.5,0.289473684210526,"BREMER",2788,"Dc","Torino",4,4,0,-25.3708980150579
271,271,2747,"D","PAZ","Bologna",2,5.5,5.25,0.276315789473684,"PAZ",2747,"Ds;Dc","Bologna",1,1,0,-25.4957207742693
280,280,2770,"P","PROTO","Lazio",2,6,3.75,0.197368421052632,"PROTO",2770,"Por","Lazio",1,1,0,-26.2446573295378
266,266,2739,"D","RECA","Atalanta",1,6.5,6.5,0.171052631578947,"RECA",2739,"Ds;E","SPAL",3,3,0,-26.4943028479607
321,321,4325,"P","JANDREI","Genoa",1,6.5,5.5,0.144736842105263,"JANDREI",4325,"Por","Genoa",1,1,0,-26.7439483663835
331,331,4359,"A","PICCOLI","Atalanta",1,5.5,5.5,0.144736842105263,"PICCOLI",4359,"Pc","Atalanta",1,1,0,-26.7439483663835
335,335,4370,"C","PORTANOVA","Juventus",1,6,5.5,0.144736842105263,"PORTANOVA",4370,"C","Juventus",1,1,0,-26.7439483663835
178,178,1930,"P","PINSOGLIO","Juventus",1,5.5,3.5,0.092105263157895,"PINSOGLIO",1930,"Por","Juventus",1,1,0,-27.2432394032292
66,66,317,"P","GUERRIERI","Lazio",1,5.5,2.5,0.065789473684211,"GUERRIERI",317,"Por","Lazio",1,1,0,-27.492884921652
44,44,248,"P","BERNI","Inter",0,0,0,0,"BERNI",248,"Por","Inter",1,1,0,-28.1169987177091
82,82,385,"P","GABRIEL","Milan",0,0,0,0,"GABRIEL",385,"Por","Lecce",6,6,0,-28.1169987177091
87,87,395,"D","STRINIC","Milan",0,0,0,0,"STRINIC",395,"Ds;E","Milan",2,2,0,-28.1169987177091
123,123,543,"P","PADELLI","Inter",0,0,0,0,"PADELLI",543,"Por","Inter",1,1,0,-28.1169987177091
131,131,600,"C","VERRE","Sampdoria",0,0,0,0,"VERRE",600,"C;T","Verona",6,6,0,-28.1169987177091
134,134,611,"P","RAFAEL","Cagliari",0,0,0,0,"RAFAEL",611,"Por","Cagliari",2,1,1,-28.1169987177091
145,145,673,"P","PERISAN","Udinese",0,0,0,0,"PERISAN",673,"Por","Udinese",1,1,0,-28.1169987177091
164,164,1847,"D","CALDARA","Milan",0,0,0,0,"CALDARA",1847,"Dc","Milan",4,4,0,-28.1169987177091
182,182,1946,"P","ARESTI","Cagliari",0,0,0,0,"ARESTI",1946,"Por","Cagliari",1,1,0,-28.1169987177091
203,203,2073,"A","RAGUSA","Sassuolo",0,0,0,0,"RAGUSA",2073,"A","Verona",3,3,0,-28.1169987177091
204,204,2075,"C","CRISTOFORO","Fiorentina",0,0,0,0,"CRISTOFORO",2075,"M;C","Fiorentina",3,3,0,-28.1169987177091
212,212,2134,"P","FALCONE","Sampdoria",0,0,0,0,"FALCONE",2134,"Por","Sampdoria",1,1,0,-28.1169987177091
214,214,2146,"A","HAN","Cagliari",0,0,0,0,"HAN",2146,"Pc","Cagliari",3,3,0,-28.1169987177091
216,216,2163,"A","CORNELIUS","Atalanta",0,0,0,0,"CORNELIUS",2163,"Pc","Parma",7,7,0,-28.1169987177091
223,223,2174,"D","VENUTI","Fiorentina",0,0,0,0,"VENUTI",2174,"Dd;Ds;E","Fiorentina",5,5,0,-28.1169987177091
230,230,2193,"C","GONALONS","Roma",0,0,0,0,"GONALONS",2193,"M;C","Roma",4,4,0,-28.1169987177091
241,241,2271,"P","NICOLAS","Udinese",0,0,0,0,"NICOLAS",2271,"Por","Udinese",1,1,0,-28.1169987177091
254,254,2325,"A","KARAMOH","Inter",0,0,0,0,"KARAMOH",2325,"A","Parma",12,12,0,-28.1169987177091
276,276,2761,"P","VODISEK","Genoa",0,0,0,0,"VODISEK",2761,"Por","Genoa",1,1,0,-28.1169987177091
286,286,2781,"P","FUZATO","Roma",0,0,0,0,"FUZATO",2781,"Por","Roma",1,1,0,-28.1169987177091
287,287,2783,"D","BIANDA","Roma",0,0,0,0,"BIANDA",2783,"Dc","Roma",1,1,0,-28.1169987177091
292,292,2790,"P","ROSATI","Torino",0,0,0,0,"ROSATI",2790,"Por","Torino",1,1,0,-28.1169987177091
295,295,2794,"A","MICIN","Udinese",0,0,0,0,"MICIN",2794,"A","Udinese",1,1,0,-28.1169987177091
306,306,2835,"C","KINGSLEY","Bologna",0,0,0,0,"KINGSLEY",2835,"C;T","Bologna",3,2,1,-28.1169987177091
308,308,2839,"A","SOTTIL","Fiorentina",0,0,0,0,"SOTTIL",2839,"A","Fiorentina",4,3,1,-28.1169987177091
310,310,2852,"C","RICCARDI","Roma",0,0,0,0,"RICCARDI",2852,"C;T","Roma",1,1,0,-28.1169987177091
311,311,2853,"A","MONCINI","SPAL",0,0,0,0,"MONCINI",2853,"Pc","SPAL",5,5,0,-28.1169987177091
322,322,4327,"C","OLIVA","Cagliari",0,0,0,0,"OLIVA",4327,"M","Cagliari",3,3,0,-28.1169987177091
324,324,4331,"D","IBANEZ","Atalanta",0,0,0,0,"IBANEZ",4331,"Dc","Atalanta",2,2,0,-28.1169987177091
328,328,4346,"A","MILLICO","Torino",0,0,0,0,"MILLICO",4346,"A","Torino",1,1,0,-28.1169987177091
329,329,4351,"P","BRANCOLINI","Fiorentina",0,0,0,0,"BRANCOLINI",4351,"Por","Fiorentina",1,1,0,-28.1169987177091
330,330,4353,"C","MONTIEL","Fiorentina",0,0,0,0,"MONTIEL",4353,"T;A","Fiorentina",1,1,0,-28.1169987177091
332,332,4364,"C","GAETANO","Napoli",0,0,0,0,"GAETANO",4364,"T","Napoli",1,1,0,-28.1169987177091
333,333,4365,"D","CORBO","Bologna",0,0,0,0,"CORBO",4365,"Dc","Bologna",1,1,0,-28.1169987177091
334,334,4368,"A","JUWARA","Chievo",0,0,0,0,"JUWARA",4368,"A","Bologna",1,1,0,-28.1169987177091
336,336,4371,"A","RASPADORI","Sassuolo",0,0,0,0,"RASPADORI",4371,"Pc","Sassuolo",1,1,0,-28.1169987177091
