,Unnamed: 0,Unnamed: 0.1,Name,VarianceFantasyEvaluation,PlayedMatches,Team,Role,MedianFantasyEvaluation,WeightedFantasyEvaluation,Qt..A,Qt..I,Plays2018_2019,Owner,Price,MantraRole,MeanFantasyEvaluation,Id,R,Squadra,Qt. A,Qt. I,Diff.,ComputedPrices
0,0,3.0,ACERBI,0.5023115220000001,38.0,Sassuolo,D,6.0,5.9342105263,12.0,12.0,,,,Dc,5.941860465116282,513,D,Lazio,14,14,0,-1.8208971720573017
1,1,6.0,ADJAPONG,0.4489583333,16.0,Sassuolo,D,6.0,2.5131578947,2.0,3.0,,,,E,5.96875,824,D,Verona,3,3,0,-0.6554010468621707
2,2,10.0,AINA,,1.0,,D,,0.0,5.0,4.0,,,,Dd,5.7,2865,D,Torino,8,8,0,-12.304062319759474
3,3,14.0,ALEXSANDRO,2.5815384615,26.0,Juventus,D,6.0,4.5789473684,17.0,17.0,,,,Ds,6.612903225806449,662,D,Juventus,14,14,0,27.264683549466994
4,4,16.0,ALLAN,1.8344594595,38.0,Napoli,C,6.25,6.75,18.0,17.0,,ME,20.0,C,6.77906976744186,397,C,Napoli,13,14,-1,30.950537101941507
5,5,20.0,ANSALDI,1.2141666667,25.0,Torino,D,6.5,4.1973684211,10.0,11.0,,,,E,6.3461538461538485,706,C,Torino,13,13,0,12.186291793184964
6,6,27.0,ASAMOAH,0.2105263158,19.0,Juventus,D,6.0,3.0526315789,9.0,9.0,,,,E,6.08333333333333,295,D,Inter,11,10,1,4.311082441582291
7,7,29.0,AUDERO,,30.0,,P,,4.7231839663,10.0,9.0,,,,Por,5.625,761,P,Sampdoria,11,11,0,22.37862125227997
8,8,30.0,BABACAR,3.4532019704000003,29.0,Sassuolo,A,6.0,5.0394736842,15.0,14.0,,ME,14.0,Pc,6.77941176470588,183,A,Sassuolo,14,14,0,27.872185411086082
9,9,31.0,BADELJ,1.3874643875,27.0,Fiorentina,C,6.0,4.3947368421,7.0,7.0,,,,M,6.17741935483871,170,C,Fiorentina,6,6,0,4.872688316404752
10,10,35.0,BALIC,0.2619047619,21.0,Udinese,C,6.0,3.1447368421,2.0,3.0,,,,C,5.69047619047619,813,C,Udinese,5,5,0,-16.233306030801792
11,11,36.0,BANI,0.2322916667,16.0,Chievo,D,5.75,2.4342105263,6.0,6.0,,,,Dc,5.8,2285,D,Bologna,5,5,0,-7.969676729844211
12,12,37.0,BARAK,4.76114082,34.0,Udinese,C,6.0,6.0526315789,14.0,15.0,,,,T,6.67567567567568,2172,C,Udinese,11,11,0,26.469038487604415
13,13,40.0,BARELLA,2.36385918,34.0,Cagliari,C,6.0,5.9868421053,14.0,14.0,,,,C,6.73076923076923,1870,C,Inter,15,15,0,28.857005600551282
14,14,42.0,BARILLA,,1.0,,C,,0.0,5.0,3.0,,,,C,6.6,2802,C,Parma,8,8,0,23.188962906046708
15,15,43.0,BARRETO,,10.0,,C,,1.5935300604,5.0,5.0,,,,C,6.375,494,C,Sampdoria,5,5,0,13.436595328737347
16,16,45.0,BARROW,3.1515151515,12.0,Atalanta,A,6.25,2.2631578947,10.0,11.0,,,,Pc,6.78125,2719,A,Atalanta,9,9,0,27.951861616783173
17,17,47.0,BASELLI,2.0796370968,32.0,Torino,C,6.0,5.2368421053,10.0,10.0,,,,C,6.16666666666667,556,C,Torino,10,10,0,4.406625349747311
18,18,50.0,BASTONI,0.0625,4.0,Atalanta,D,6.0,0.6447368421,1.0,1.0,,,,Dc,6.125,2120,D,Inter,4,4,0,6.117076437380452
19,19,51.0,BASTOS,2.5976190476,21.0,Lazio,D,6.0,3.6184210526,8.0,8.0,,,,Dc,6.52272727272727,2062,D,Lazio,6,6,0,23.356110033634273
20,20,56.0,BELOTTI,8.8054435484,32.0,Torino,A,5.75,5.7105263158,29.0,29.0,,,,Pc,6.851351351351348,441,A,Torino,31,30,1,30.99032448809189
21,21,57.0,BENASSI,2.9525210084,35.0,Fiorentina,C,5.5,5.842105263200001,15.0,12.0,,,,C,6.58974358974359,557,C,Fiorentina,15,15,0,22.74441053785031
22,22,59.0,BENNACER,,21.0,,C,,3.3717878602,6.0,6.0,,,,C,6.1,2818,C,Milan,10,10,0,1.5170349564703152
23,23,60.0,BENTANCUR,0.0947368421,20.0,Juventus,C,6.0,3.1052631579,7.0,8.0,,,,C,5.8695652173913,2166,C,Juventus,8,8,0,-8.47089705507375
24,24,61.0,BERARDI,2.8978494624,31.0,Sassuolo,A,5.5,4.6973684211,18.0,16.0,,VE,14.0,A,6.0,531,A,Sassuolo,18,18,0,-5.910525804429939
25,25,62.0,BERENGUER,1.3187229437,22.0,Torino,C,6.0,3.5657894737,5.0,5.0,,,,W,6.1153846153846105,2205,C,Torino,8,8,0,2.1838635087647784
26,26,63.0,BERESZYNSKI,0.3139784946,31.0,Sampdoria,D,5.5,4.7105263158,7.0,7.0,,,,Dd,5.857142857142861,2104,D,Sampdoria,6,6,0,-5.492884964178153
27,27,65.0,BERISHAE,1.1994623656,31.0,Atalanta,P,5.0,4.1842105263,11.0,12.0,,,,Por,4.75,316,P,SPAL,8,8,0,-15.547252659478719
28,28,66.0,BERNARDESCHI,2.9875541126,22.0,Juventus,C,6.0,4.0657894737,17.0,16.0,,BRYAN,12.0,W,7.173076923076921,184,C,Juventus,19,19,0,48.02832647902264
29,29,69.0,BESSA,2.6570767196,28.0,Genoa,C,6.0,4.5921052632,6.0,7.0,,,,C,6.171875,264,C,Verona,9,9,0,4.632374599221937
30,30,72.0,BIGLIA,1.0459656085,28.0,Milan,C,6.0,4.4078947368,8.0,8.0,,,,M,5.9375,331,C,Milan,8,8,0,-5.526341627141997
31,31,74.0,BIRAGHI,1.0875668449,34.0,Fiorentina,D,6.0,5.2763157895,7.0,6.0,,GATTI,2.0,E,5.94736842105263,252,D,Fiorentina,10,10,0,-1.5821611236533313
32,32,76.0,BIRASCHI,0.4160079051,23.0,Genoa,D,6.0,3.5921052632,6.0,6.0,,,,Dd,5.87037037037037,2083,D,Genoa,8,8,0,-4.919553536940865
33,33,78.0,BIRSA,1.5764705882,35.0,Chievo,C,6.0,5.8026315789,12.0,12.0,,,,T,6.35897435897436,111,C,Cagliari,7,7,0,12.741982253430471
34,34,79.0,BOATENG,,38.0,,C,,6.5570139553,22.0,20.0,,ME,25.0,A,8.5,771,A,Fiorentina,16,15,1,102.44911394345202
35,35,81.0,BOGA,,31.0,,C,,4.4001562034,8.0,8.0,,,,A,5.83333333333333,2832,A,Sassuolo,12,12,0,-13.134501787622199
36,36,83.0,BONAVENTURA,4.9947916667,33.0,Milan,C,6.0,5.9342105263,21.0,20.0,,VE,23.0,W,6.93243243243243,367,C,Milan,16,16,0,37.597866353602804
37,37,86.0,BONIFAZI,0.4,6.0,Torino,D,6.25,0.9473684211,2.0,3.0,,,,Dc,6.0,2192,D,Torino,9,8,1,0.6990944499863538
38,38,87.0,BONUCCI,1.4117647059,35.0,Milan,D,6.0,5.526315789500001,12.0,12.0,,VE,23.0,Dc,5.97435897435897,286,D,Juventus,11,11,0,-0.4122864705049317
39,39,88.0,BORINI,1.4174876847,29.0,Milan,C,6.0,4.6578947368,6.0,6.0,,,,W,6.15,2187,C,Milan,5,5,0,3.684227751427985
40,40,89.0,BORJAVALERO,0.9974206349,36.0,Inter,C,6.0,5.776315789500001,5.0,6.0,,ME,6.0,C,6.0945945945945885,172,C,Inter,3,3,0,1.2827438435016738
41,41,90.0,BOURABIA,,10.0,,C,,1.5935300604,6.0,5.0,,,,C,6.0,2825,C,Sassuolo,6,6,0,-2.817350633444948
42,42,91.0,BRADARIC,,30.0,,C,,4.7231839663,9.0,9.0,,,,C,5.875,2854,C,Cagliari,4,4,0,-8.235332620839046
43,43,93.0,BREMER,,1.0,,D,,0.0,3.0,4.0,,VE,3.0,Dc,6.0,2788,D,Torino,4,4,0,0.6990944499863538
44,44,97.0,BRIGNOLA,2.3897058824,18.0,Benevento,A,6.5,3.1973684211,8.0,9.0,,,,A,6.71052631578947,2317,A,Sassuolo,3,3,0,24.886424439704772
45,45,98.0,BROZOVIC,3.1478494624,31.0,Inter,C,6.0,5.5,15.0,16.0,,,,T,6.70833333333333,265,C,Inter,12,11,1,27.88454729512148
46,46,100.0,BRUNOALVES,,10.0,,D,,1.5935300604,6.0,5.0,,,,Dc,6.3,1864,D,Parma,9,9,0,13.702251219732181
47,47,101.0,CACCIATORE,1.0771780303,33.0,Chievo,D,6.0,5.2368421053,7.0,7.0,,,,Ds,6.01428571428571,99,D,Cagliari,7,7,0,1.3182923914026277
48,48,106.0,CAICEDO,2.5649350649,22.0,Lazio,A,6.0,3.6315789474,5.0,6.0,,,,Pc,6.41666666666667,2284,A,Lazio,14,14,0,12.149414153550516
49,49,107.0,CALABRIA,1.7654761905,21.0,Milan,D,6.0,3.4605263158,7.0,6.0,,ME,9.0,E,6.32,357,D,Milan,9,9,0,14.569128337715258
50,50,109.0,CALDARA,2.9125905797,24.0,Atalanta,D,6.0,4.0394736842,11.0,12.0,,,,Dc,6.39583333333333,1847,D,Milan,4,4,0,17.856037410067536
51,51,110.0,CALHANOGLU,3.7198924731,31.0,Milan,C,6.5,5.592105263200001,20.0,21.0,,,,T,6.73529411764706,2194,C,Milan,13,13,0,29.053131645343907
52,52,112.0,CALLEJON,4.3842460882,38.0,Napoli,A,6.5,7.1184210526,21.0,21.0,,ME,15.0,W,7.08333333333333,406,C,Napoli,19,18,1,44.13849325730377
53,53,115.0,CAN,,33.0,,C,,6.4452883495,18.0,19.0,,,,M,6.2,2504,C,Juventus,14,14,0,5.851420546385617
54,54,119.0,CANDREVA,0.835515873,36.0,Inter,C,6.0,5.9342105263,13.0,13.0,,,,W,6.35897435897436,332,C,Inter,9,7,2,12.741982253430471
55,55,120.0,CAPEZZI,0.0666666667,6.0,Sampdoria,C,6.0,0.9736842105,4.0,4.0,,,,C,6.0,173,C,Sampdoria,3,3,0,-2.817350633444948
56,56,122.0,CAPRARI,2.4830659537,34.0,Sampdoria,A,6.0,5.657894736799999,9.0,10.0,,,,T,6.428571428571429,1958,A,Sampdoria,13,14,-1,12.665412438064124
57,57,126.0,CAPUTO,,36.0,,A,,5.774257147799998,14.0,14.0,,,,Pc,7.2,2819,A,Sassuolo,27,26,1,46.10210127455341
58,58,127.0,CASSATA,2.2805555556,10.0,Sassuolo,C,6.0,1.6184210525999998,2.0,2.0,,,,C,6.125,2213,C,Genoa,2,2,0,2.6006313539491503
59,59,128.0,CASTAGNE,0.4861842105,20.0,Atalanta,D,6.0,3.1710526316000003,7.0,6.0,,,,E,6.10416666666667,2197,D,Atalanta,14,14,0,5.214079439481564
60,60,130.0,CASTILLEJO,,38.0,,A,,6.0697261987,15.0,16.0,,,,A,5.83333333333333,2692,C,Milan,10,10,0,-10.041326616637207
61,61,132.0,CASTRO,3.5308333333,25.0,Chievo,C,6.0,4.2894736842,11.0,12.0,,,,T,6.43103448275862,112,C,Cagliari,13,13,0,15.865345874810538
62,62,134.0,CATALDI,0.9396551724,29.0,Benevento,C,5.5,4.3947368421,3.0,4.0,,,,M,5.76666666666667,333,C,Lazio,5,5,0,-12.93091700991378
63,63,136.0,CECCHERINI,1.0671921922,37.0,Crotone,D,6.0,5.75,5.0,6.0,,BRYAN,11.0,Dd,5.9054054054054115,1891,D,Fiorentina,5,5,0,-3.401000026960268
64,64,138.0,CEPPITELLI,1.9294871795,27.0,Cagliari,D,6.0,4.4605263158,7.0,8.0,,,,Dc,6.25,1866,D,Cagliari,7,7,0,11.535058424774551
65,65,139.0,CERAVOLO,,1.0,Benevento,A,5.5,0.1447368421,9.0,10.0,,,,Pc,5.5,2246,A,Parma,3,3,0,-27.58245375400633
66,66,140.0,CERRI,,21.0,,A,,3.9845116956,6.0,7.0,,,,Pc,5.25,306,A,Cagliari,5,5,0,-38.41841772879453
67,67,144.0,CHIELLINI,0.2446153846,26.0,Juventus,D,6.0,4.2631578947,13.0,12.0,,,,Dc,6.2833333333333306,288,D,Juventus,15,14,1,12.979853621412856
68,68,145.0,CHIESA,2.6196428571,36.0,Fiorentina,C,6.5,6.5131578947,24.0,23.0,,,,W,7.0125,2002,C,Fiorentina,26,26,0,41.068303464447254
69,69,147.0,CHIRICHES,0.15476190480000002,7.0,Napoli,D,5.5,1.0657894737,2.0,3.0,,,,Dc,5.78571428571429,640,D,Napoli,4,4,0,-8.588874671260484
70,70,149.0,CICIRETTI,2.384469697,12.0,Benevento,C,6.0,2.0657894737,11.0,12.0,,,,T,6.54166666666667,2243,C,Napoli,1,1,0,20.660571311929605
71,71,151.0,CIGARINI,2.1984615385,26.0,Cagliari,C,6.0,4.0789473684,6.0,7.0,,BRYAN,6.0,M,5.93103448275862,20,C,Cagliari,6,6,0,-5.806582074765855
72,72,153.0,CIONEK,0.9452380952,15.0,SPAL,D,6.5,2.5131578947,9.0,9.0,,,,Dc,6.225,780,D,SPAL,7,7,0,10.451462027295715
73,73,154.0,COLLEY,,21.0,,D,,3.9845116956,6.0,7.0,,,,Dc,5.75,2784,D,Sampdoria,7,7,0,-10.136869524801842
74,74,155.0,CONSIGLI,4.633633633600001,37.0,Sassuolo,P,5.0,4.6315789474,9.0,9.0,,,,Por,4.726190476190482,509,P,Sassuolo,10,10,0,-16.57924922850593
75,75,156.0,CONTI,0.125,2.0,Milan,D,6.25,0.3289473684,6.0,7.0,,,,E,6.25,11,D,Milan,5,5,0,11.535058424774551
76,76,158.0,CORREA,,35.0,,C,,5.4248756564,12.0,12.0,,,,T,6.125,495,A,Lazio,21,20,1,-0.4925438170358411
77,77,162.0,CRAGNO,3.6878078818,29.0,Cagliari,P,5.0,3.6578947368,8.0,8.0,,,,Por,4.77941176470588,2178,P,Cagliari,11,11,0,-14.272433368327286
78,78,163.0,CRISCITO,,30.0,,D,,4.7231839663,9.0,9.0,,,,Dc,6.625,2759,D,Genoa,14,13,1,27.789004386956844
79,79,167.0,CRISTANTE,4.3117063492000005,36.0,Atalanta,C,6.0,6.4868421053,17.0,18.0,,,,C,6.76829268292683,779,C,Roma,10,10,0,30.48341670370907
80,80,169.0,CRISTIANORONALDO,,33.0,,A,,8.576232595499999,45.0,49.0,,BRYAN,60.0,Pc,7.9,2610,A,Juventus,45,46,-1,76.44280040396036
81,81,170.0,CUADRADO,2.3119047619,21.0,Juventus,C,7.0,3.9736842105,17.0,18.0,,,,W,6.96,697,C,Juventus,9,9,0,38.79275102974172
82,82,172.0,DALESSANDRO,1.2625,16.0,Benevento,C,6.25,2.7105263158,3.0,3.0,,,,W,6.361111111111112,21,C,SPAL,7,7,0,12.834597330138024
83,83,173.0,DAMBROSIO,1.4699197861000002,34.0,Inter,D,6.0,5.5394736842,7.0,8.0,,ME,6.0,Ds,6.1153846153846105,253,D,Inter,9,9,0,5.70030859219608
84,84,176.0,DACOSTA,1.5625,4.0,Bologna,P,5.25,0.5394736842,1.0,1.0,,,,Por,5.125,40,P,Bologna,1,1,0,0.7066933027035763
85,85,178.0,DABO,2.1777777778,10.0,Fiorentina,C,6.0,1.6315789474000002,7.0,7.0,,,,C,6.192307692307692,2659,C,Fiorentina,3,3,0,5.51800627023825
86,86,180.0,DALBERT,0.1923076923,13.0,Inter,D,6.0,1.9605263158,3.0,3.0,,,,Ds,5.6875,2289,D,Inter,3,3,0,-12.845860518498892
87,87,183.0,DANILO,0.7134576613,32.0,Udinese,D,6.0,4.9342105263,9.0,8.0,,,,Dc,5.878378378378379,4237,D,Juventus,11,11,0,-4.572455591802473
88,88,184.0,DEMAIO,1.3784615385,26.0,Bologna,D,5.75,4.1315789474,6.0,7.0,,,,Dc,6.01724137931035,224,D,Udinese,6,6,0,1.4464023103167827
89,89,185.0,DEPAUL,2.5664414414,37.0,Udinese,C,6.0,6.276315789500001,16.0,15.0,,,,T,6.78571428571429,1996,C,Udinese,22,22,0,31.238536144460998
90,90,187.0,DEROON,1.4048573975,34.0,Atalanta,C,6.0,5.5131578947,8.0,8.0,,,,M,6.1153846153846105,22,C,Atalanta,11,11,0,2.1838635087647784
91,91,191.0,DESCIGLIO,1.196969697,12.0,Juventus,D,6.5,2.1052631579,6.0,7.0,,ME,3.0,E,6.66666666666667,358,D,Juventus,5,5,0,29.594998382755005
92,92,194.0,DESILVESTRI,2.2785714286000003,35.0,Torino,D,6.0,6.0131578947,14.0,14.0,,ME,10.0,E,6.46153846153846,487,D,Torino,10,10,0,20.70395101882603
93,93,196.0,DEVRIJ,1.9777777778,36.0,Lazio,D,6.5,6.4210526315999985,18.0,17.0,,GATTI,18.0,Dc,6.7875,322,D,Inter,13,13,0,34.832380970569154
94,94,197.0,DEFREL,1.1595238095,15.0,Roma,A,5.5,2.3157894737,22.0,20.0,,,,Pc,6.65789473684211,643,A,Roma,14,14,0,22.605168866065508
95,95,198.0,DEIOLA,0.1442307692,13.0,Cagliari,C,6.0,2.0394736842,3.0,3.0,,,,C,5.96875,1871,C,Cagliari,2,2,0,-4.171846130293472
96,96,200.0,DELLORCO,0.3169642857,8.0,Sassuolo,D,6.0,1.2763157895,3.0,4.0,,,,Ds,6.2,517,D,Lecce,4,4,0,9.367865629816919
97,97,202.0,DEPAOLI,0.2032163743,19.0,Chievo,C,6.0,2.8947368421,5.0,4.0,,,,E,5.80434782608696,2141,D,Sampdoria,6,6,0,-7.7812251824564465
98,98,205.0,DESSENA,0.0955882353,17.0,Cagliari,C,6.0,2.5921052632,3.0,3.0,,,,E,5.8,1872,C,Brescia,4,4,0,-11.486121813275513
99,99,207.0,DESTRO,5.0338461538,26.0,Bologna,A,6.0,4.5,12.0,13.0,,,,Pc,6.45,472,A,Bologna,18,19,-1,13.594209350188821
100,100,208.0,DIFRANCESCOF,1.0851449275,24.0,Bologna,A,6.0,3.9736842105,13.0,14.0,,,,W,6.5,1857,C,SPAL,12,11,1,18.854577316131444
101,101,210.0,DIGAUDIO,,1.0,,C,,0.0,4.0,4.0,,,,W,5.7,81,C,Verona,4,4,0,-15.820507403190776
102,102,212.0,DILORENZO,,10.0,,D,,1.5935300604,6.0,5.0,,,,Dd,6.2,2816,D,Napoli,11,11,0,9.367865629816919
103,103,214.0,DIAWARA,1.033496732,18.0,Napoli,C,6.0,2.9868421053,9.0,9.0,,,,C,6.21428571428571,58,C,Roma,8,8,0,6.47061848780189
104,104,216.0,DIJKS,,10.0,,D,,1.5935300604,7.0,5.0,,,,Ds,6.125,2746,D,Bologna,8,8,0,6.117076437380452
105,105,218.0,DIMARCO,,10.0,,D,,1.5935300604,4.0,5.0,,,,Ds,7.66666666666667,254,D,Inter,3,3,0,72.9388542819078
106,106,220.0,DJIMSITI,0.6333333333,30.0,Benevento,D,5.5,4.3947368421,3.0,2.0,,,,Dc,5.59090909090909,787,D,Atalanta,8,8,0,-17.032482963303465
107,107,223.0,DJURICIC,0.6,16.0,Benevento,C,6.0,2.5263157895,4.0,5.0,,,,T,5.97058823529412,1995,C,Sassuolo,5,5,0,-4.09216992459638
108,108,224.0,DONNARUMMAG,1.5741465149,38.0,Milan,P,5.0,4.9868421053,11.0,12.0,,,,Por,4.91666666666667,350,P,Milan,15,15,0,-8.32327667628646
109,109,227.0,DOUGLASCOSTA,2.247311828,31.0,Juventus,C,6.5,5.8947368421,24.0,24.0,,GATTI,20.0,W,7.071428571428571,2200,C,Juventus,14,14,0,43.62249497279017
110,110,228.0,DRAGOWSKI,5.3333333333,3.0,Fiorentina,P,1.5,0.2236842105,2.0,1.0,,,,Por,3.9,1917,P,Fiorentina,10,11,-1,-52.38953017375859
111,111,229.0,DUNCAN,0.5815384615,26.0,Sassuolo,C,5.75,3.9736842105,8.0,8.0,,,,C,5.887096774193551,526,C,Sassuolo,10,10,0,-7.7110117833491945
112,112,231.0,DURMISI,,10.0,,D,,1.5935300604,4.0,5.0,,,,Ds,6.0,2772,D,Lazio,2,2,0,0.6990944499863538
113,113,233.0,DYBALA,17.410511363599998,33.0,Juventus,A,6.5,7.2631578947,33.0,36.0,,VE,30.0,A,8.054054054054049,309,A,Juventus,26,26,0,83.12009712355935
114,114,234.0,DZEKO,8.825992063500001,36.0,Roma,A,6.0,7.25,34.0,35.0,,GATTI,21.0,Pc,7.51219512195122,647,A,Roma,31,30,1,59.63384165282551
115,115,235.0,DZEMAILI,1.4357142857,15.0,Bologna,C,6.0,2.4078947368,11.0,13.0,,,,T,5.875,713,C,Bologna,8,8,0,-8.235332620839046
116,116,237.0,EDERA,1.1607142857,14.0,Torino,A,6.0,2.3552631579,3.0,4.0,,,,A,6.36666666666667,1839,A,Torino,4,4,0,9.982221358592884
117,117,238.0,EKDAL,,31.0,,C,,4.4001562034,8.0,8.0,,,,M,6.375,2391,C,Sampdoria,7,7,0,13.436595328737347
118,118,243.0,EYSSERIC,1.0476190476,21.0,Fiorentina,C,6.0,3.3815789474,9.0,8.0,,,,T,6.16,2290,C,Fiorentina,4,4,0,4.117666310419504
119,119,245.0,FALCINELLI,1.318296371,32.0,Fiorentina,A,5.5,4.9605263158,15.0,16.0,,,,Pc,5.90277777777778,532,A,Bologna,6,6,0,-10.124511794625239
120,120,246.0,FARAGO,3.7261904762,7.0,Cagliari,D,7.5,1.4078947368,4.0,4.0,,,,E,7.05,2116,C,Cagliari,4,4,0,42.69369806066547
121,121,248.0,FARES,0.3862068966,30.0,Verona,C,5.5,4.2631578947,4.0,5.0,,BRYAN,2.0,E,5.371428571428571,633,C,SPAL,7,7,0,-30.062060055769575
122,122,249.0,FARIAS,1.9083994709,28.0,Cagliari,A,5.75,4.3552631579000005,11.0,12.0,,,,A,5.8484848484848495,1879,A,Lecce,10,11,-1,-12.477776698240923
123,123,250.0,FAVILLI,,37.0,,A,,4.9909204044,10.0,10.0,,,,Pc,7.0,819,A,Genoa,5,5,0,37.43333009472285
124,124,251.0,FAZIO,1.2230392156999998,34.0,Roma,D,6.25,5.6710526315999985,11.0,11.0,,ME,12.0,Dc,6.34210526315789,2016,D,Roma,8,9,-1,15.52725567864369
125,125,252.0,FELIPE,1.2876436782,30.0,SPAL,D,6.0,4.6447368421,6.0,6.0,,,,Dc,5.9,708,D,SPAL,6,6,0,-3.6352911399289094
126,126,254.0,FERRARIA,1.2641666667,25.0,Verona,D,5.5,3.6710526316,3.0,4.0,,,,Dd,5.58,45,D,Sampdoria,4,4,0,-17.505325027657815
127,127,256.0,FERRARIG,1.7704022989,30.0,Sampdoria,D,5.75,4.6447368421,10.0,8.0,,,,Dc,6.1,1895,D,Sassuolo,9,9,0,5.033480039901617
128,128,257.0,FLOCCARI,3.5947368421,20.0,SPAL,A,6.0,3.3684210526,4.0,5.0,,,,Pc,6.4,533,A,SPAL,7,7,0,11.42701655523119
129,129,258.0,FLORENZI,1.5393145161,32.0,Roma,D,6.0,5.1842105263,14.0,14.0,,BRYAN,10.0,Dd,6.27777777777778,464,D,Roma,10,10,0,12.73905442197335
130,130,260.0,FOFANA,2.4707977208000003,27.0,Udinese,C,5.5,4.25,10.0,9.0,,,,M,6.125,1986,C,Udinese,11,11,0,2.6006313539491503
131,131,262.0,FREULER,2.4966386555,35.0,Atalanta,C,6.0,6.1315789474,16.0,16.0,,ME,6.0,C,6.576923076923079,788,C,Atalanta,13,13,0,22.188720077604838
132,132,263.0,GAGLIARDINI,0.2540229885,30.0,Inter,C,6.0,4.5526315789,6.0,7.0,,,,M,5.765625,801,C,Inter,8,8,0,-12.976066859808881
133,133,265.0,GAGLIOLO,,21.0,,D,,3.3717878602,7.0,6.0,,,,Ds,6.3,73,D,Parma,7,7,0,13.702251219732181
134,134,271.0,GERVINHO,,37.0,,A,,4.9909204044,11.0,10.0,,,,A,8.125,474,A,Parma,19,19,0,86.19516798126973
135,135,272.0,GHIGLIONE,,1.0,,D,,0.0,2.0,2.0,,,,Dd,6.5,244,D,Genoa,4,3,1,22.371022399562747
136,136,274.0,GHOULAM,4.1045454545,11.0,Napoli,D,6.5,2.1315789474,8.0,9.0,,,,Ds,7.36363636363636,390,D,Napoli,12,12,0,59.80435249428544
137,137,280.0,GOLDANIGA,1.641025641,13.0,Sassuolo,D,6.0,2.1052631579,5.0,6.0,,,,Dc,6.06666666666667,418,D,Sassuolo,4,4,0,3.58868484326335
138,138,281.0,GOLLINI,1.0,7.0,Atalanta,P,6.0,1.0131578947,1.0,1.0,,,,Por,4.95,610,P,Atalanta,14,14,0,-6.878481479648153
139,139,282.0,GOMEZA,3.9294507576,33.0,Atalanta,A,6.5,6.0657894737,24.0,23.0,,BRYAN,20.0,A,7.22972972972973,26,C,Atalanta,26,26,0,50.483877566864564
140,140,285.0,GOSENS,0.8642857143000001,21.0,Atalanta,D,6.0,3.4342105263,7.0,7.0,,,,Ds,6.16,2160,D,Atalanta,16,15,1,7.634111393850806
141,141,287.0,GRASSI,1.6058201058,28.0,SPAL,C,6.0,4.7368421053,9.0,9.0,,,,C,6.38333333333333,27,C,Parma,8,8,0,13.797794127896816
142,142,288.0,GUNTER,,1.0,,D,,0.0,3.0,3.0,,,,Dc,5.66666666666667,2758,D,Verona,5,5,0,-13.748857516397779
143,143,293.0,HANDANOVIC,1.3513513514,38.0,Inter,P,5.75,5.5,15.0,16.0,,ME,28.0,Por,5.441860465116282,250,P,Inter,18,18,0,14.440647642842215
144,144,294.0,HATEBOER,0.125,33.0,Atalanta,D,6.0,5.2105263158,9.0,8.0,,,,E,6.09722222222222,2130,D,Atalanta,16,16,0,4.913080440181653
145,145,299.0,HIGUAIN,8.3962184874,35.0,Juventus,A,6.5,6.9342105263,32.0,33.0,,BRYAN,23.0,Pc,7.61538461538461,408,A,Juventus,29,29,0,64.10647218650892
146,146,300.0,HILJEMARK,0.8285714286,15.0,Genoa,C,6.0,2.4078947368,6.0,6.0,,,,C,5.94736842105263,433,C,Genoa,5,5,0,-5.098606207084633
147,147,301.0,HYSAJ,0.2785714286,35.0,Napoli,D,6.0,5.5,9.0,9.0,,,,Dd,5.95,140,D,Napoli,7,7,0,-1.4680983449712777
148,148,304.0,IACOPONI,,1.0,,D,,0.0,2.0,2.0,,,,Dc,5.7,2801,D,Parma,5,4,1,-12.304062319759474
149,149,306.0,IAGOFALQUE,5.0743243243,37.0,Torino,A,6.0,7.1184210526,25.0,25.0,,ME,18.0,A,7.24390243902439,475,A,Torino,21,21,0,48.00500226524789
150,150,307.0,ICARDI,18.5231729055,34.0,Inter,A,9.5,7.9210526315999985,37.0,39.0,,ME,51.0,Pc,8.513157894736839,277,A,Inter,31,31,0,103.0194278368618
151,151,308.0,ILICIC,8.3962365591,31.0,Atalanta,C,6.5,6.3552631579,24.0,26.0,,ME,2.0,A,7.66666666666667,177,A,Atalanta,25,25,0,66.3292340274915
152,152,310.0,IMMOBILE,20.2357954545,33.0,Lazio,A,8.5,8.0526315789,39.0,41.0,,VE,45.0,Pc,9.092105263157901,785,A,Lazio,36,34,2,128.11323914689802
153,153,311.0,INGELSSON,2.2380952381,7.0,Udinese,C,6.0,1.1447368421,1.0,1.0,,,,C,6.21428571428571,2191,C,Udinese,1,1,0,6.47061848780189
154,154,313.0,INGLESE,6.1737967914,34.0,Chievo,A,5.75,6.1842105263,14.0,13.0,,,,Pc,7.03846153846154,123,A,Parma,23,23,0,39.10040147545956
155,155,314.0,INSIGNE,3.9808558559,37.0,Napoli,A,6.5,7.0657894737,26.0,27.0,,VE,30.0,A,7.44047619047619,409,A,Napoli,29,27,2,56.525266621730594
156,156,315.0,IONITA,0.2339285714,36.0,Cagliari,C,5.75,5.4868421053,8.0,9.0,,,,C,5.78048780487805,627,C,Cagliari,8,8,0,-12.331855586917442
157,157,317.0,IZZO,1.05,16.0,Genoa,D,6.0,2.5789473684,9.0,9.0,,VE,9.0,Dd,6.09523809523809,226,D,Torino,16,16,0,4.827080726095898
158,158,319.0,JANKTO,2.8593253968,36.0,Udinese,C,6.0,6.092105263200001,14.0,15.0,,,,C,6.36842105263158,1987,C,Sampdoria,9,9,0,13.151438382032424
159,159,324.0,JOAOPEDRO,3.2359307359,22.0,Cagliari,C,5.75,3.7368421053,12.0,13.0,,,,T,6.58333333333333,1874,A,Cagliari,16,16,0,19.37339013674239
160,160,325.0,JUANJESUS,0.4464285714,22.0,Roma,D,6.0,3.3289473684,6.0,7.0,,,,Dc,5.73913043478261,256,D,Roma,5,5,0,-10.60799839327083
161,161,327.0,KARNEZIS,,1.0,,P,,0.0,1.0,1.0,,,,Por,5.5,570,P,Napoli,1,1,0,16.96063926488587
162,162,332.0,KESSIE,3.6174924925,37.0,Milan,C,6.0,6.1315789474,12.0,11.0,,,,C,6.3902439024390185,1850,C,Milan,13,13,0,14.09732483939491
163,163,334.0,KHEDIRA,9.5834615385,26.0,Juventus,C,6.0,4.9868421053,19.0,18.0,,GATTI,16.0,C,7.216666666666669,299,C,Juventus,10,10,0,49.91767404385769
164,164,338.0,KLAVAN,,21.0,,D,,3.9845116956,7.0,7.0,,,,Dc,5.75,2871,D,Cagliari,6,6,0,-10.136869524801842
165,165,339.0,KLUIVERT,,35.0,,A,,6.327430495900002,18.0,18.0,,,,A,6.25,2779,C,Roma,16,16,0,8.018613341343249
166,166,340.0,KOLAROV,1.637394958,35.0,Roma,D,6.5,6.1052631579,16.0,17.0,,,,E,6.5,2214,D,Roma,16,15,1,22.371022399562747
167,167,342.0,KOUAME,,1.0,,A,,0.0,5.0,3.0,,,,Pc,7.0,2762,A,Genoa,17,16,1,37.43333009472285
168,168,343.0,KOULIBALY,2.5785714286,35.0,Napoli,D,6.5,6.1973684211,15.0,17.0,,BRYAN,17.0,Dc,6.6125,392,D,Napoli,15,16,-1,27.247206188217426
169,169,346.0,KREJCI,0.1571969697,12.0,Bologna,C,6.0,1.8026315789,4.0,5.0,,,,W,5.692307692307692,1858,C,Bologna,3,3,0,-16.153921679338143
170,170,347.0,KRUNIC,,30.0,,C,,4.7231839663,10.0,9.0,,,,C,6.6,148,C,Milan,13,13,0,23.188962906046708
171,171,349.0,KURTIC,1.7919540230000002,30.0,SPAL,C,5.5,4.7631578947,10.0,9.0,,,,T,6.128571428571429,28,C,SPAL,16,16,0,2.755430839303286
172,172,353.0,LAPADULA,2.7337962963,28.0,Genoa,A,5.5,4.6973684211,11.0,12.0,,VE,6.0,Pc,6.375,1939,A,Lecce,13,14,-1,10.343420157752355
173,173,354.0,LASAGNA,5.373768472899999,29.0,Udinese,A,6.5,5.6973684211,20.0,22.0,,,,Pc,7.26470588235294,90,A,Udinese,16,16,0,48.90670371508678
174,174,355.0,LAURINI,0.33766233770000004,22.0,Fiorentina,D,6.0,3.3947368421,2.0,3.0,,,,Dd,5.86363636363636,141,D,Parma,7,7,0,-5.211431354443739
175,175,357.0,LAXALT,1.8324092742,32.0,Genoa,C,6.0,5.3289473684,9.0,9.0,,,,E,6.3,235,C,Milan,5,5,0,10.18580613630088
176,176,358.0,LAZOVIC,0.2369047619,21.0,Genoa,C,6.0,3.3289473684,5.0,5.0,,,,C,5.96,236,C,Verona,7,7,0,-4.551104869411061
177,177,360.0,LAZZARIM,1.2285714286,36.0,SPAL,C,6.5,6.0,11.0,10.0,,,,E,6.3780487804877986,2263,C,Lazio,15,15,0,13.568741230868635
178,178,362.0,LERIS,0.25,4.0,Chievo,A,6.0,0.6052631579,1.0,1.0,,,,A,5.75,2334,C,Sampdoria,5,5,0,-13.653314608233144
179,179,363.0,LINETTY,1.8275862069,29.0,Sampdoria,C,6.0,4.9210526316,7.0,6.0,,,,C,6.39393939393939,2008,C,Sampdoria,11,11,0,14.257501690463556
180,180,364.0,LIROLA,0.3405797101,24.0,Sassuolo,D,6.0,3.6842105263,8.0,6.0,,,,Dd,6.03448275862069,2006,D,Fiorentina,11,11,0,2.1937101706468267
181,181,367.0,LOCATELLIM,0.0976190476,21.0,Milan,C,6.0,3.2894736842000003,7.0,7.0,,,,C,5.98,827,C,Sassuolo,11,11,0,-3.684227751427985
182,182,371.0,LUCASLEIVA,0.935515873,36.0,Lazio,C,6.5,6.1710526315999985,11.0,12.0,,,,C,6.475,2209,C,Lazio,9,9,0,17.770980918652608
183,183,373.0,LUISALBERTO,7.0073529412,34.0,Lazio,C,6.5,6.723684210499999,27.0,27.0,,VE,20.0,T,7.42105263157895,2085,C,Lazio,21,20,1,58.77654985482489
184,184,375.0,LUIZFELIPE,0.4060457516,18.0,Lazio,D,6.0,2.7763157895,7.0,8.0,,,,Dc,5.84210526315789,2335,D,Lazio,8,7,1,-6.144672270932701
185,185,376.0,LUKAKUJ,0.9781609195,30.0,Lazio,D,6.0,4.9473684211,4.0,5.0,,,,E,6.26666666666667,1999,D,Lazio,3,3,0,12.257456023093916
186,186,377.0,LUKIC,,1.0,,C,,0.0,1.0,2.0,,,,C,6.0,2009,C,Torino,6,5,1,-2.817350633444948
187,187,378.0,LULIC,2.2878151261,35.0,Lazio,C,6.0,5.8552631579,11.0,11.0,,,,E,6.37179487179487,338,C,Lazio,12,12,0,13.297672713675864
188,188,380.0,LUPERTO,,1.0,,D,,0.0,2.0,2.0,,,,Ds,5.75,393,D,Napoli,3,3,0,-10.136869524801842
189,189,382.0,LYANCO,0.5,4.0,Torino,D,6.25,0.6315789474,5.0,6.0,,VE,2.0,Dc,6.0,2171,D,Torino,8,8,0,0.6990944499863538
190,190,383.0,LYKOGIANNIS,0.4409090909,11.0,Cagliari,D,6.0,1.7631578947,4.0,5.0,,,,Ds,6.0,2653,D,Cagliari,4,4,0,0.6990944499863538
191,191,386.0,MAGNANELLI,0.3545866935,32.0,Sassuolo,C,6.0,4.8552631579000005,5.0,5.0,,,,M,5.77272727272727,528,C,Sassuolo,5,5,0,-12.668226974161616
192,192,388.0,MAGNANI,,1.0,,D,,0.0,3.0,2.0,,,,Dc,6.16666666666667,2769,D,Brescia,6,6,0,7.923070433178613
193,193,391.0,MAKSIMOVIC,0.0,2.0,Napoli,D,6.0,0.3157894737,3.0,4.0,,,,Dc,6.0,550,D,Napoli,5,5,0,0.6990944499863538
194,194,392.0,MANCINIG,2.0045454545,11.0,Atalanta,D,6.0,1.7763157895,8.0,8.0,,,,Dc,6.1538461538461515,2296,D,Roma,14,14,0,7.367379972932835
195,195,393.0,MANDRAGORA,1.2253968254,36.0,Crotone,C,6.0,5.7368421053,9.0,9.0,,BRYAN,5.0,C,6.05,1933,C,Udinese,8,8,0,-0.6501578384873165
196,196,395.0,MANDZUKIC,2.8941532258,32.0,Juventus,A,6.0,5.3947368421,20.0,18.0,,,,Pc,6.5945945945945885,312,A,Juventus,22,22,0,19.861496622093075
197,197,396.0,MANOLAS,1.3318965517,29.0,Roma,D,6.0,4.75,12.0,12.0,,BRYAN,17.0,Dc,6.22058823529412,459,D,Napoli,13,13,0,10.260239133623118
198,198,398.0,MARCHETTI,,37.0,,P,,4.9909204044,9.0,10.0,,,,Por,3.25,318,P,Genoa,1,1,0,-80.5630365082079
199,199,399.0,MARIORUI,1.5566666667,25.0,Napoli,D,6.0,4.1710526316,7.0,8.0,,,,E,6.20689655172414,142,D,Napoli,5,5,0,9.666788773949074
200,200,401.0,MARLON,,31.0,,D,,4.4001562034,7.0,8.0,,,,Dc,5.5,2355,D,Sassuolo,6,6,0,-20.97283349959004
201,201,402.0,MARTINEZL,,37.0,,A,,6.202592481900001,16.0,17.0,,,,Pc,5.5,2764,A,Inter,25,26,-1,-27.58245375400633
202,202,403.0,MARUSIC,1.8346774194,32.0,Lazio,C,6.0,5.4210526315999985,9.0,9.0,,,,E,6.351351351351348,2188,C,Lazio,5,5,0,12.411571709500489
203,203,404.0,MASIELLOA,1.9365591398,31.0,Atalanta,D,6.5,5.4210526315999985,13.0,14.0,,,,Dd,6.528571428571429,15,D,Atalanta,7,7,0,23.60941828239572
204,204,406.0,MATRI,2.0681818182,23.0,Sassuolo,A,6.0,3.6315789474,2.0,3.0,,,,Pc,6.0,380,A,Sassuolo,4,4,0,-5.910525804429939
205,205,407.0,MATTIELLO,0.2610837438,29.0,SPAL,D,6.0,4.3947368421,8.0,8.0,,,,E,5.867647058823531,106,D,Cagliari,5,5,0,-5.037592360195574
206,206,408.0,MATUIDI,1.4586693547999998,32.0,Juventus,C,6.0,5.3947368421,16.0,15.0,,BRYAN,15.0,M,6.5,2306,C,Juventus,12,12,0,18.854577316131444
207,207,412.0,MAZZITELLI,0.4809210526,20.0,Sassuolo,C,6.0,3.0657894737,6.0,6.0,,,,C,5.84090909090909,1976,C,Sassuolo,2,2,0,-9.712964071946569
208,208,414.0,MBAYE,1.1183333333,25.0,Bologna,D,6.0,3.8947368421,4.0,5.0,,,,Dc,5.923076923076921,50,D,Bologna,5,5,0,-2.635048311487041
209,209,420.0,MEITE,,1.0,,C,,0.0,6.0,3.0,,,,C,7.6,2789,C,Torino,9,9,0,66.5328188051995
210,210,422.0,MERET,4.4423076923,13.0,SPAL,P,6.0,1.9605263158,13.0,14.0,,,,Por,5.73076923076923,572,P,Napoli,14,15,-1,26.96306754930571
211,211,423.0,MERTENS,10.0094238976,38.0,Napoli,A,6.25,7.723684210499999,30.0,31.0,,BRYAN,30.0,A,7.627906976744192,410,A,Napoli,29,28,1,64.64923961279577
212,212,424.0,MILENKOVIC,0.3666666667,16.0,Fiorentina,D,6.0,2.4210526316,8.0,6.0,,ME,4.0,Dd,6.2,2164,D,Fiorentina,10,9,1,9.367865629816919
213,213,426.0,MILIK,4.6857142857,15.0,Napoli,A,6.0,2.8026315789,26.0,26.0,,GATTI,20.0,Pc,7.13157894736842,2012,A,Napoli,28,28,0,43.136469028821864
214,214,427.0,MILINKOVICSAVIC,6.5117647059,35.0,Lazio,C,6.5,7.0,28.0,30.0,,ME,32.0,T,7.475,645,C,Lazio,23,23,0,61.1148368178054
215,215,431.0,MIRANTE,1.8428030303,33.0,Bologna,P,5.0,4.1710526316,1.0,1.0,,ME,1.0,Por,4.803030303030299,41,P,Roma,1,1,0,-13.248714846645024
216,216,432.0,MISSIROLI,0.7176470587999999,35.0,Sassuolo,C,6.0,5.6184210526,7.0,6.0,,,,C,6.0875,529,C,SPAL,6,6,0,0.9752367577309361
217,217,440.0,MURGIA,0.1989583333,16.0,Lazio,C,6.0,2.4342105263,2.0,3.0,,,,M,5.794117647058821,2003,C,SPAL,7,7,0,-11.741085671505937
218,218,442.0,MURRU,0.4598684211,20.0,Sampdoria,D,5.75,3.0131578947000004,6.0,6.0,,,,E,5.77083333333333,1868,D,Sampdoria,8,8,0,-9.233872526902955
219,219,444.0,MUSACCHIO,0.4238095238,15.0,Milan,D,5.5,2.1973684211,5.0,5.0,,,,Dc,5.65789473684211,2168,D,Milan,7,7,0,-14.129066778670984
220,220,445.0,NKOULOU,1.2304804805,37.0,Torino,D,6.0,6.0657894737,13.0,12.0,,ME,10.0,Dc,6.28571428571429,2288,D,Torino,15,15,0,13.083053278315909
221,221,448.0,NAINGGOLAN,2.823655914,31.0,Roma,C,6.5,5.6315789474,25.0,25.0,,,,C,6.941176470588241,467,C,Cagliari,16,16,0,37.97686668340497
222,222,450.0,NICOLAS,4.1640873016,36.0,Verona,P,4.0,4.0131578947,1.0,1.0,,,,Por,4.23611111111111,2271,P,Udinese,1,1,0,-37.82117860765451
223,223,453.0,NUYTINCK,0.9729344729,27.0,Udinese,D,6.0,4.3552631579000005,5.0,5.0,,,,Dc,6.125,2280,D,Udinese,4,4,0,6.117076437380452
224,224,461.0,OLSEN,,36.0,,P,,5.774257147799998,13.0,14.0,,VE,22.0,Por,4.1,2836,P,Roma,1,1,0,-43.720758993928044
225,225,463.0,OPOKU,,1.0,,D,,0.0,2.0,3.0,,,,Dc,6.0,2793,D,Udinese,2,2,0,0.6990944499863538
226,226,464.0,ORSOLINI,0.1291666667,16.0,Bologna,A,6.0,2.5,3.0,3.0,,,,T,5.9,2167,A,Bologna,17,17,0,-10.244911394345202
227,227,466.0,OSPINA,,1.0,,P,,0.0,1.0,1.0,,,,Por,3.8333333333333295,2468,P,Napoli,3,3,0,-55.279120567035605
228,228,467.0,OUNAS,0.0833333333,7.0,Napoli,A,6.0,1.1052631579,7.0,7.0,,,,A,6.0,2195,A,Napoli,8,8,0,-5.910525804429939
229,229,470.0,PALACIO,2.3399470899,28.0,Bologna,A,6.0,4.8684210526,8.0,8.0,,,,A,6.58620689655172,280,A,Bologna,13,13,0,19.497941446797366
230,230,471.0,PALOMINO,0.8753846154,26.0,Atalanta,D,6.0,4.2105263158,6.0,7.0,,,,Dc,6.06896551724138,2181,D,Atalanta,9,9,0,3.6883258913072607
231,231,472.0,PALOSCHI,3.0878968254,36.0,SPAL,A,5.5,5.9868421053,12.0,13.0,,,,Pc,6.2763157894736805,126,A,SPAL,9,9,0,6.066065957177907
232,232,473.0,PANDEV,2.6290322581,32.0,Genoa,A,6.0,5.473684210499999,11.0,9.0,,,,A,6.6,245,A,Genoa,10,10,0,20.095787735061716
233,233,474.0,PARIGINI,0.1904761905,21.0,Benevento,A,6.0,3.1710526316000003,6.0,7.0,,,,W,5.73913043478261,1982,C,Torino,2,2,0,-14.124443476702131
234,234,476.0,PAROLO,3.1349462366000003,31.0,Lazio,C,6.0,5.3684210526,13.0,13.0,,,,C,6.65277777777778,342,C,Lazio,14,14,0,25.476555300724343
235,235,478.0,PASALIC,,36.0,,C,,5.774257147799998,15.0,14.0,,VE,16.0,C,6.7,2077,C,Atalanta,9,9,0,27.523348495962008
236,236,482.0,PASTORE,,34.0,,C,,6.6633038085,21.0,21.0,,GATTI,20.0,T,6.375,2378,C,Roma,11,11,0,13.436595328737347
237,237,484.0,PATRIC,0.35,11.0,Lazio,D,6.0,1.7368421053,1.0,2.0,,,,Ds,6.0,327,D,Lazio,2,2,0,0.6990944499863538
238,238,487.0,PAVOLETTI,4.4446022727,33.0,Cagliari,A,6.0,6.0,18.0,17.0,,,,Pc,7.0,247,A,Cagliari,25,26,-1,37.43333009472285
239,239,488.0,PEGOLO,2.0,2.0,Sassuolo,P,5.0,0.2631578947,1.0,1.0,,,,Por,5.0,510,P,Sassuolo,1,1,0,-4.711288684690522
240,240,489.0,PELLEGRINILO,,36.0,,C,,5.774257147799998,13.0,14.0,,,,C,5.16666666666667,530,C,Roma,13,13,0,-38.93723054940548
241,241,491.0,PELUSO,1.0698924731,31.0,Sassuolo,D,6.0,4.7763157895,3.0,4.0,,,,Dc,5.85483870967742,521,D,Sassuolo,3,3,0,-5.592755599890639
242,242,496.0,PERIN,1.384009009,37.0,Genoa,P,5.0,5.0,1.0,1.0,,VE,7.0,Por,5.13513513513514,218,P,Juventus,1,1,0,1.145989139519543
243,243,499.0,PEROTTI,4.3516666667,25.0,Roma,C,6.0,4.3947368421,15.0,16.0,,,,W,6.5961538461538485,237,C,Roma,14,14,0,23.02225576797316
244,244,501.0,PESSINA,,10.0,,C,,1.5935300604,5.0,5.0,,,,C,6.25,2741,C,Verona,3,3,0,8.018613341343249
245,245,502.0,PETAGNA,2.6416256158,29.0,Atalanta,A,6.0,4.9342105263,14.0,15.0,,,,Pc,6.558823529411759,383,A,SPAL,26,25,1,18.311040727449317
246,246,503.0,PEZZELLAGER,0.8493761140999999,34.0,Fiorentina,D,6.0,5.473684210499999,10.0,10.0,,BRYAN,7.0,Dc,6.10526315789474,2309,D,Fiorentina,9,10,-1,5.261605597265724
247,247,504.0,PEZZELLAGIU,0.3738095238,15.0,Udinese,D,5.5,2.1842105263,4.0,5.0,,,,E,5.5333333333333306,770,D,Parma,5,5,0,-19.52803830295173
248,248,506.0,PIATEK,,35.0,,A,,5.6077246726,15.0,13.0,,,,Pc,10.75,2756,A,Milan,37,38,-1,199.9727897165458
249,249,507.0,PINAMONTI,,1.0,Inter,A,6.0,0.1578947368,6.0,7.0,,,,Pc,6.0,2038,A,Genoa,21,20,1,-5.910525804429939
250,250,508.0,PINSOGLIO,,1.0,Juventus,P,5.0,0.1315789474,1.0,1.0,,,,Por,5.0,1930,P,Juventus,1,1,0,-4.711288684690522
251,251,509.0,PISACANE,0.4995471014,24.0,Cagliari,D,5.75,3.6184210526,3.0,4.0,,,,Dd,5.68,1869,D,Cagliari,4,4,0,-13.17093943774255
252,252,512.0,PJACA,,38.0,,A,,6.0697261987,16.0,16.0,,,,A,7.25,1998,A,Juventus,4,4,0,48.26929406951104
253,253,513.0,PJANIC,3.2989247312,31.0,Juventus,C,6.5,5.7368421053,21.0,20.0,,BRYAN,10.0,C,7.042857142857139,469,C,Juventus,16,16,0,42.38409908995708
254,254,514.0,POLI,1.2651209677,32.0,Bologna,C,6.0,5.1315789474,8.0,8.0,,,,M,6.05555555555556,374,C,Bologna,9,9,0,-0.4093586390473871
255,255,516.0,POLITANO,6.25,36.0,Sassuolo,A,6.0,6.5526315789,15.0,15.0,,ME,8.0,A,6.79268292682927,536,A,Inter,12,12,0,28.447408749776624
256,256,522.0,PULGAR,2.5393145161,32.0,Bologna,C,6.0,5.1315789474,9.0,10.0,,,,C,6.013888888888888,644,C,Fiorentina,14,12,2,-2.215352634845625
257,257,524.0,PUSSETTO,,35.0,,A,,5.4248756564,11.0,12.0,,,,W,6.25,2826,A,Udinese,11,11,0,4.925438170358257
258,258,526.0,QUAGLIARELLA,9.605042016799999,35.0,Sampdoria,A,6.5,7.3026315789,28.0,28.0,,ME,16.0,Pc,8.0,568,A,Sampdoria,33,34,-1,80.77718599387563
259,259,527.0,RADOVANOVIC,0.8201680672,35.0,Chievo,C,6.0,5.473684210499999,7.0,7.0,,,,M,5.9125,118,C,Genoa,7,6,1,-6.609938024620832
260,260,529.0,RADU,0.3951612903,31.0,Lazio,D,6.0,4.8026315789,8.0,8.0,,,,Dc,5.9,329,D,Lazio,8,7,1,-3.6352911399289094
261,261,531.0,RAFAEL,1.5555555556,10.0,Cagliari,P,5.0,1.3157894737,1.0,1.0,,,,Por,5.0,611,P,Cagliari,2,1,1,-4.711288684690522
262,262,532.0,RAMIREZ,2.5285285285,37.0,Sampdoria,C,6.0,6.1710526315999985,13.0,14.0,,ME,8.0,T,6.31707317073171,2287,C,Sampdoria,10,10,0,10.92582318823777
263,263,533.0,RANOCCHIA,2.5545454545,11.0,Inter,D,6.0,1.9210526316,3.0,4.0,,,,Dc,6.63636363636364,261,D,Inter,3,2,1,28.28154820399284
264,264,534.0,RASMUSSEN,,1.0,,D,,0.0,3.0,3.0,,,,Dc,5.33333333333333,2752,D,Fiorentina,2,2,0,-28.1968094827823
265,265,535.0,REGINI,0.2857142857,14.0,Sampdoria,D,6.0,2.1578947368,2.0,3.0,,,,Dc,5.857142857142861,490,D,Sampdoria,2,2,0,-5.492884964178153
266,266,537.0,REINA,1.5758258258000002,37.0,Napoli,P,6.0,5.1578947368,1.0,1.0,,,,Por,5.2972972972973,387,P,Milan,1,1,0,8.174722528571236
267,267,539.0,RIGONIL,2.1106719368,23.0,Genoa,C,6.0,3.7763157895,7.0,8.0,,,,C,6.1481481481481515,438,C,Parma,3,3,0,3.603961351614868
268,268,542.0,RINCON,0.6783730159,36.0,Torino,C,6.0,5.6710526315999985,8.0,7.0,,,,C,5.9875,238,C,Torino,8,8,0,-3.3591488321843657
269,269,544.0,RODRIGUEZR,1.1553030303,34.0,Milan,D,6.0,5.1447368421,8.0,8.0,,,,E,5.80263157894737,2169,D,Milan,8,8,0,-7.855613951162157
270,270,546.0,ROG,0.4761904762,28.0,Napoli,C,6.0,4.4736842105,5.0,6.0,,,,C,6.046875,2076,C,Cagliari,10,10,0,-0.7856073881721611
271,271,548.0,ROGERIO,0.3173076923,13.0,Sassuolo,D,6.0,1.9605263158,5.0,4.0,,,,E,5.77777777777778,2318,D,Sassuolo,7,7,0,-8.932873527603043
272,272,550.0,ROMAGNA,0.4229249012,23.0,Cagliari,D,6.0,3.5263157895,6.0,6.0,,VE,6.0,Dc,5.78571428571429,2279,D,Cagliari,5,5,0,-8.588874671260484
273,273,551.0,ROMAGNOLIA,1.2685185185,28.0,Milan,D,6.0,4.6052631579000005,10.0,10.0,,,,Dc,6.203125,460,D,Milan,14,14,0,9.503315179501763
274,274,552.0,ROMULO,1.7728978979,37.0,Verona,C,6.0,6.1973684211,9.0,9.0,,ME,1.0,M,6.31707317073171,621,C,Genoa,7,7,0,10.92582318823777
275,275,554.0,ROSSETTINI,0.5276679842,23.0,Genoa,D,6.0,3.5526315789,6.0,5.0,,,,Dc,5.78571428571429,54,D,Lecce,5,5,0,-8.588874671260484
276,276,556.0,ROSSIF,,1.0,Atalanta,P,4.5,0.1184210526,1.0,1.0,,,,Por,4.5,2297,P,Atalanta,1,1,0,-26.383216634266915
277,277,557.0,RUGANI,1.4978354978,22.0,Juventus,D,6.0,3.7368421053,7.0,8.0,,,,Dc,6.45652173913043,294,D,Juventus,7,7,0,20.48650692568634
278,278,558.0,SALA,0.5064102564,13.0,Sampdoria,D,5.5,1.9210526316,3.0,3.0,,,,E,5.66666666666667,630,D,Sampdoria,4,4,0,-13.748857516397779
279,279,560.0,SALAMON,0.3982683983,22.0,SPAL,D,6.0,3.3157894737,4.0,4.0,,,,Dc,5.6481481481481515,491,D,SPAL,3,3,0,-14.551521514530222
280,280,562.0,SAMIR,1.1978494624,31.0,Udinese,D,5.5,4.6973684211,7.0,6.0,,,,Ds,5.81944444444444,790,D,Udinese,8,7,1,-7.126879531805305
281,281,564.0,SANDRO,1.4464285713999998,14.0,Benevento,C,6.25,2.3289473684,8.0,9.0,,,,C,6.3,2646,C,Genoa,2,2,0,10.18580613630088
282,282,566.0,SANTANDER,,37.0,,A,,4.9909204044,10.0,10.0,,,,Pc,6.7,2743,A,Bologna,12,12,0,24.43017332497702
283,283,567.0,SANTON,0.5785714286,15.0,Inter,D,6.0,2.2105263158,3.0,3.0,,,,Dd,5.625,262,D,Roma,3,3,0,-15.55485151219594
284,284,571.0,SAPONARA,0.5923202614,18.0,Fiorentina,C,6.0,2.9342105263,11.0,10.0,,,,T,6.275,150,C,Genoa,10,10,0,9.102209738822083
285,285,574.0,SCHICK,1.8446969697,22.0,Roma,A,6.0,3.4868421053,17.0,17.0,,,,Pc,6.0,1974,A,Roma,12,12,0,-5.910525804429939
286,286,577.0,SENSI,2.3051470588,17.0,Sassuolo,C,6.0,2.8421052632,6.0,6.0,,,,M,6.35,1978,C,Inter,14,13,1,12.352998931258512
287,287,579.0,SEPE,,1.0,Napoli,P,6.0,0.1578947368,6.0,6.0,,,,Por,5.25,159,P,Parma,8,8,0,6.124675290097675
288,288,580.0,SILIGARDI,,21.0,,A,,3.9845116956,7.0,7.0,,,,A,6.5,637,A,Parma,8,8,0,15.761402145146453
289,289,582.0,SIMEONE,7.359886202,38.0,Fiorentina,A,5.5,7.2105263158,26.0,26.0,,BRYAN,,Pc,7.19047619047619,2061,A,Fiorentina,14,14,0,45.689302646942394
290,290,585.0,SIRIGU,2.6546546547,37.0,Torino,P,5.0,5.25,11.0,11.0,,,,Por,5.32142857142857,2179,P,Torino,14,14,0,9.220664997179966
291,291,586.0,SKORUPSKI,,1.0,Roma,P,6.5,0.1710526316,9.0,9.0,,,,Por,5.41666666666667,133,P,Bologna,9,9,0,13.348651273289933
292,292,587.0,SKRINIAR,1.6466927454,38.0,Inter,D,6.25,6.592105263200001,16.0,16.0,,ME,8.0,Dc,6.571428571428571,798,D,Inter,15,15,0,25.46701210664508
293,293,591.0,SORIANO,,35.0,,C,,5.4248756564,12.0,12.0,,,,T,6.6,2625,C,Bologna,14,14,0,23.188962906046708
294,294,594.0,SPINAZZOLA,0.4967320261,18.0,Atalanta,D,5.5,2.8157894737,5.0,6.0,,,,E,5.94444444444444,1852,D,Roma,7,7,0,-1.7088975444112071
295,295,597.0,SPORTIELLO,2.7173423423000003,37.0,Fiorentina,P,5.0,5.0,6.0,6.0,,ME,1.0,Por,4.96428571428571,4,P,Atalanta,1,1,0,-6.259283538231879
296,296,603.0,STRAKOSHA,2.3942034139,38.0,Lazio,P,5.0,5.0657894737,12.0,12.0,,VE,15.0,Por,5.1046511627907005,1934,P,Lazio,14,13,1,-0.1753037650116184
297,297,604.0,STRINIC,0.7334558823999999,17.0,Sampdoria,D,6.0,2.6973684211,4.0,5.0,,,,Ds,6.02941176470588,395,D,Milan,2,2,0,1.9739137411377863
298,298,606.0,STRYGERLARSEN,0.466954023,30.0,Udinese,D,6.0,4.6710526316,6.0,6.0,,,,Dc,5.8857142857142914,2315,D,Udinese,7,7,0,-4.254489081345144
299,299,610.0,SUSO,4.2470588235000015,35.0,Milan,A,6.5,6.3552631579,20.0,21.0,,BRYAN,,A,6.923076923076921,375,C,Milan,19,19,0,37.192362504234445
300,300,612.0,SZCZESNY,1.2334558824,17.0,Juventus,P,6.0,2.4736842105,18.0,18.0,,ME,23.0,Por,5.5,453,P,Juventus,17,17,0,16.96063926488587
301,301,613.0,TEODORCZYK,,35.0,,A,,5.4248756564,11.0,12.0,,,,Pc,5.4,2873,A,Udinese,8,8,0,-31.916839343921595
302,302,614.0,TERRACCIANO,,1.0,,P,,0.0,4.0,1.0,,,,Por,5.0,2815,P,Fiorentina,1,1,0,-4.711288684690522
303,303,615.0,THEREAU,5.1103896104,22.0,Fiorentina,A,6.0,4.1052631579000005,12.0,13.0,,,,A,7.09090909090909,606,A,Fiorentina,1,1,0,41.37368063100942
304,304,616.0,TOLOI,0.6064516128999999,31.0,Atalanta,D,6.5,5.1710526316,10.0,10.0,,,,Dc,6.3,695,D,Atalanta,10,10,0,13.702251219732181
305,305,617.0,TOMOVIC,0.5818965517,29.0,Chievo,D,5.5,4.3684210526,7.0,6.0,,,,Dc,5.77941176470588,169,D,SPAL,4,4,0,-8.86205023365041
306,306,619.0,TONELLI,5.5625,4.0,Napoli,D,5.5,0.6447368421,6.0,6.0,,,,Dc,6.25,144,D,Napoli,5,5,0,11.535058424774551
307,307,620.0,TRAOREHJ,,1.0,,C,,0.0,1.0,1.0,,,,T,6.0,2857,C,Sassuolo,11,11,0,-2.817350633444948
308,308,622.0,TROOSTEKONG,,1.0,,D,,0.0,5.0,3.0,,,,Dc,6.2,2870,D,Udinese,6,5,1,9.367865629816919
309,309,625.0,UNDER,5.6384615385000005,26.0,Roma,A,6.0,4.7631578947,20.0,21.0,,ME,14.0,A,6.83333333333333,2201,C,Roma,19,18,1,33.30252928251558
310,310,626.0,VALDIFIORI,0.2243589744,13.0,Torino,C,6.0,1.9342105263,3.0,3.0,,,,C,5.6875,405,C,SPAL,3,3,0,-16.362305601930192
311,311,627.0,VALOTI,3.1584615385,26.0,Verona,C,5.5,4.0789473684,4.0,5.0,,VE,5.0,C,5.96296296296296,2274,C,SPAL,6,6,0,-4.4226786297099885
312,312,629.0,VALZANIA,,1.0,,C,,0.0,2.0,2.0,,,,C,6.0,2742,C,Atalanta,5,5,0,-2.817350633444948
313,313,630.0,VECINO,1.9002463054,29.0,Inter,C,6.0,4.8157894737,9.0,10.0,,,,C,6.24242424242424,181,C,Inter,8,8,0,7.69025079665261
314,314,632.0,VERDI,4.7557932264,34.0,Bologna,C,6.0,6.5526315789,17.0,18.0,,ME,12.0,T,7.33333333333333,376,C,Napoli,17,17,0,54.97445723209197
315,315,634.0,VERETOUT,5.0910714286,36.0,Fiorentina,C,6.25,6.4342105263,16.0,17.0,,BRYAN,15.0,C,6.7763157894736805,2215,C,Roma,14,14,0,30.83116907773929
316,316,638.0,VICARI,0.513368984,34.0,SPAL,D,5.75,5.2105263158,6.0,4.0,,,,Dc,5.8974358974359,2261,D,SPAL,7,7,0,-3.7464292319779418
317,317,639.0,VIEIRA,,21.0,,C,,3.3717878602,5.0,6.0,,,,M,6.0,2855,C,Sampdoria,4,4,0,-2.817350633444948
318,318,643.0,VIVIANI,1.3645320197,29.0,SPAL,C,6.0,4.8157894737,8.0,9.0,,,,M,6.31034482758621,631,C,SPAL,4,4,0,10.634190852499152
319,319,649.0,WALLACE,0.4423076923,13.0,Lazio,D,6.0,1.9605263158,5.0,5.0,,,,Dc,5.794117647058821,2007,D,Lazio,3,3,0,-8.224640588074635
320,320,654.0,ZAPATAC,0.6742424242,12.0,Milan,D,6.25,1.9210526316,3.0,4.0,,,,Dc,6.08333333333333,365,D,Genoa,8,8,0,4.311082441582291
321,321,655.0,ZAPATAD,4.7161290323000005,31.0,Sampdoria,A,6.5,6.0131578947,25.0,26.0,,ME,10.0,Pc,7.236111111111112,608,A,Atalanta,35,36,-1,47.66729607091172
322,322,656.0,ZAZA,,35.0,,A,,6.764737624,21.0,22.0,,,,Pc,5.33333333333333,315,A,Torino,13,12,1,-34.80642973719859
323,323,657.0,ZIELINSKI,1.935515873,36.0,Napoli,C,6.0,6.1447368421,16.0,14.0,,GATTI,32.0,C,6.6097560975609815,152,C,Napoli,16,17,-1,23.61182979286798
324,324,,LUKAKUR,,,,,,,,,,,,,7.962709483269379,2531,A,Inter,36,35,1,79.16087121029867
325,325,,RAFAELLEAO,,,,,,,,,,,,,5.7922371715227685,4510,A,Milan,22,22,0,-14.915767903147458
326,326,,LOZANO,,,,,,,,,,,,,5.7922371715227685,4517,A,Napoli,22,22,0,-14.915767903147458
327,327,,RIBERY,,,,,,,,,,,,,5.3271359618627825,2409,C,Fiorentina,19,19,0,-31.981872542186547
328,328,,MURIEL,,,,,,,,,,,,,5.3271359618627825,507,A,Atalanta,19,17,2,-35.07504771317154
329,329,,BALOTELLI,,,,,,,,,,,,,5.3271359618627825,696,A,Brescia,19,19,0,-35.07504771317154
330,330,,RAMSEY,,,,,,,,,,,,,5.172102225309453,2472,C,Juventus,18,18,0,-38.70163247886129
331,331,,RUIZ,,,,,,,,,,,,,5.017068488756124,2775,C,Napoli,17,17,0,-45.421392415536
332,332,,DONNARUMMAAL,,,,,,,,,,,,,5.017068488756124,4452,A,Brescia,17,16,1,-48.51456758652099
333,333,,ZANIOLO,,,,,,,,,,,,,4.862034752202794,2766,C,Roma,16,16,0,-52.141152352210746
334,334,,ANDRESILVA,,,,,,,,,,,,,4.707001015649465,2175,A,Milan,15,15,0,-61.95408745987044
335,335,,GODIN,,,,,,,,,,,,,4.551967279096137,2572,D,Inter,14,14,0,-62.06422714212882
336,336,,DELIGT,,,,,,,,,,,,,4.551967279096137,4428,D,Juventus,14,14,0,-62.06422714212882
337,337,,RABIOT,,,,,,,,,,,,,4.551967279096137,2379,C,Juventus,14,14,0,-65.58067222556012
338,338,,PAQUETA,,,,,,,,,,,,,4.551967279096137,4322,C,Milan,14,15,-1,-65.58067222556012
339,339,,PAULOPEZ,,,,,,,,,,,,,4.396933542542806,4419,P,Roma,13,14,-1,-30.850514314327693
340,340,,SANSONEN,,,,,,,,,,,,,4.396933542542806,537,A,Bologna,13,12,1,-75.39360733321989
341,341,,TORREGROSSA,,,,,,,,,,,,,4.396933542542806,4453,A,Brescia,13,13,0,-75.39360733321989
342,342,,GABBIADINI,,,,,,,,,,,,,4.396933542542806,407,A,Sampdoria,13,13,0,-75.39360733321989
343,343,,DICARMINE,,,,,,,,,,,,,4.396933542542806,4500,A,Verona,13,13,0,-75.39360733321989
344,344,,KUCKA,,,,,,,,,,,,,4.241899805989477,234,C,Parma,12,12,0,-79.02019209890962
345,345,,KARAMOH,,,,,,,,,,,,,4.241899805989477,2325,A,Parma,12,12,0,-82.1133672698946
346,346,,MALINOVSKYI,,,,,,,,,,,,,4.086866069436148,4427,C,Atalanta,11,11,0,-85.73995203558432
347,347,,SCHONE,,,,,,,,,,,,,4.086866069436148,4512,C,Genoa,11,11,0,-85.73995203558432
348,348,,MUSSO,,,,,,,,,,,,,3.931832332882818,2792,P,Udinese,10,9,1,-51.00979412435185
349,349,,OBIANG,,,,,,,,,,,,,3.931832332882818,4501,C,Sassuolo,10,10,0,-92.45971197225906
350,350,,NANDEZ,,,,,,,,,,,,,3.931832332882818,4514,C,Cagliari,10,10,0,-92.45971197225906
351,351,,SANABRIA,,,,,,,,,,,,,3.931832332882818,479,A,Genoa,10,10,0,-95.55288714324405
352,352,,NESTOROVSKI,,,,,,,,,,,,,3.931832332882818,1943,A,Udinese,10,10,0,-95.55288714324405
353,353,,PAZZINI,,,,,,,,,,,,,3.931832332882818,636,A,Verona,10,10,0,-95.55288714324405
354,354,,ROMEROC,,,,,,,,,,,,,3.7767985963294888,4307,D,Genoa,9,9,0,-95.66302682550248
355,355,,VAVRO,,,,,,,,,,,,,3.7767985963294888,4397,D,Lazio,9,9,0,-95.66302682550248
356,356,,RODRIGOBECAO,,,,,,,,,,,,,3.7767985963294888,4412,D,Udinese,9,7,2,-95.66302682550248
357,357,,DUARTE,,,,,,,,,,,,,3.7767985963294888,4511,D,Milan,9,9,0,-95.66302682550248
358,358,,ZAPPACOSTA,,,,,,,,,,,,,3.7767985963294888,554,D,Roma,9,9,0,-95.66302682550248
359,359,,BISOLI,,,,,,,,,,,,,3.7767985963294888,4445,C,Brescia,9,9,0,-99.17947190893379
360,360,,ZACCAGNI,,,,,,,,,,,,,3.7767985963294888,632,C,Verona,9,9,0,-99.17947190893379
361,361,,LAMANTIA,,,,,,,,,,,,,3.7767985963294888,4477,A,Lecce,9,9,0,-102.27264707991878
362,362,,CORNELIUS,,,,,,,,,,,,,3.7767985963294888,2163,A,Parma,9,9,0,-102.27264707991878
363,363,,DANILOLAR,,,,,,,,,,,,,3.62176485977616,578,D,Bologna,8,8,0,-102.38278676217719
364,364,,CISTANA,,,,,,,,,,,,,3.62176485977616,4442,D,Brescia,8,7,1,-102.38278676217719
365,365,,DEMIRAL,,,,,,,,,,,,,3.62176485977616,4332,D,Juventus,8,8,0,-102.38278676217719
366,366,,HERNANDEZT,,,,,,,,,,,,,3.62176485977616,4292,D,Milan,8,8,0,-102.38278676217719
367,367,,MALCUIT,,,,,,,,,,,,,3.62176485977616,2860,D,Napoli,8,8,0,-102.38278676217719
368,368,,MURILLO,,,,,,,,,,,,,3.62176485977616,259,D,Sampdoria,8,9,-1,-102.38278676217719
369,369,,IGOR,,,,,,,,,,,,,3.62176485977616,4407,D,SPAL,8,7,1,-102.38278676217719
370,370,,SKRTEL,,,,,,,,,,,,,3.62176485977616,4516,D,Atalanta,8,8,0,-102.38278676217719
371,371,,MOROSINI,,,,,,,,,,,,,3.62176485977616,2106,C,Brescia,8,8,0,-105.8992318456085
372,372,,SPALEK,,,,,,,,,,,,,3.62176485977616,4448,C,Brescia,8,8,0,-105.8992318456085
373,373,,CASTROVILLI,,,,,,,,,,,,,3.62176485977616,4377,C,Fiorentina,8,7,1,-105.8992318456085
374,374,,LAZARO,,,,,,,,,,,,,3.62176485977616,4385,C,Inter,8,8,0,-105.8992318456085
375,375,,MANCOSU,,,,,,,,,,,,,3.62176485977616,65,C,Lecce,8,8,0,-105.8992318456085
376,376,,YOUNES,,,,,,,,,,,,,3.62176485977616,2776,C,Napoli,8,8,0,-105.8992318456085
377,377,,SKOVOLSEN,,,,,,,,,,,,,3.62176485977616,4415,A,Bologna,8,8,0,-108.99240701659349
378,378,,ADEKANYE,,,,,,,,,,,,,3.62176485977616,4388,A,Lazio,8,8,0,-108.99240701659349
379,379,,JORONEN,,,,,,,,,,,,,3.466731123222831,4425,P,Brescia,7,6,1,-71.16907393437599
380,380,,RADUI,,,,,,,,,,,,,3.466731123222831,1843,P,Genoa,7,8,-1,-71.16907393437599
381,381,,SILVESTRI,,,,,,,,,,,,,3.466731123222831,2211,P,Verona,7,6,1,-71.16907393437599
382,382,,DENSWIL,,,,,,,,,,,,,3.466731123222831,4414,D,Bologna,7,7,0,-109.1025466988519
383,383,,TOLJAN,,,,,,,,,,,,,3.466731123222831,4426,D,Sassuolo,7,7,0,-109.1025466988519
384,384,,DJIDJI,,,,,,,,,,,,,3.466731123222831,2869,D,Torino,7,7,0,-109.1025466988519
385,385,,BOCCHETTI,,,,,,,,,,,,,3.466731123222831,4420,D,Verona,7,7,0,-109.1025466988519
386,386,,NDOJ,,,,,,,,,,,,,3.466731123222831,4447,C,Brescia,7,7,0,-112.6189917822832
387,387,,TONALI,,,,,,,,,,,,,3.466731123222831,4449,C,Brescia,7,6,1,-112.6189917822832
388,388,,ELMAS,,,,,,,,,,,,,3.466731123222831,4479,C,Napoli,7,7,0,-112.6189917822832
389,389,,MARONI,,,,,,,,,,,,,3.466731123222831,4405,C,Sampdoria,7,7,0,-112.6189917822832
390,390,,MIGUELVELOSO,,,,,,,,,,,,,3.466731123222831,2011,C,Verona,7,5,2,-112.6189917822832
391,391,,ZMRHAL,,,,,,,,,,,,,3.466731123222831,4513,C,Brescia,7,7,0,-112.6189917822832
392,392,,WALACE,,,,,,,,,,,,,3.466731123222831,2392,C,Udinese,7,7,0,-112.6189917822832
393,393,,AYE,,,,,,,,,,,,,3.466731123222831,4413,A,Brescia,7,7,0,-115.7121669532682
394,394,,CHANCELLOR,,,,,,,,,,,,,3.3116973866695014,4429,D,Brescia,6,5,1,-115.82230663552663
395,395,,MARTELLA,,,,,,,,,,,,,3.3116973866695014,1896,D,Brescia,6,6,0,-115.82230663552663
396,396,,SABELLI,,,,,,,,,,,,,3.3116973866695014,791,D,Brescia,6,6,0,-115.82230663552663
397,397,,BARRECA,,,,,,,,,,,,,3.3116973866695014,1979,D,Genoa,6,6,0,-115.82230663552663
398,398,,PELLEGRINILU,,,,,,,,,,,,,3.3116973866695014,2728,D,Cagliari,6,6,0,-115.82230663552663
399,399,,BENZAR,,,,,,,,,,,,,3.3116973866695014,4398,D,Lecce,6,6,0,-115.82230663552663
400,400,,CALDERONI,,,,,,,,,,,,,3.3116973866695014,4470,D,Lecce,6,6,0,-115.82230663552663
401,401,,GRAVILLON,,,,,,,,,,,,,3.3116973866695014,2184,D,Sassuolo,6,6,0,-115.82230663552663
402,402,,ZURKOWSKI,,,,,,,,,,,,,3.3116973866695014,4376,C,Fiorentina,6,6,0,-119.33875171895792
403,403,,LERAGER,,,,,,,,,,,,,3.3116973866695014,4330,C,Genoa,6,6,0,-119.33875171895792
404,404,,STURARO,,,,,,,,,,,,,3.3116973866695014,305,C,Genoa,6,6,0,-119.33875171895792
405,405,,JONY,,,,,,,,,,,,,3.3116973866695014,4424,C,Lazio,6,6,0,-119.33875171895792
406,406,,PETRICCIONE,,,,,,,,,,,,,3.3116973866695014,179,C,Lecce,6,6,0,-119.33875171895792
407,407,,HERNANI,,,,,,,,,,,,,3.3116973866695014,4423,C,Parma,6,6,0,-119.33875171895792
408,408,,VERRE,,,,,,,,,,,,,3.3116973866695014,600,C,Verona,6,6,0,-119.33875171895792
409,409,,BADU,,,,,,,,,,,,,3.3116973866695014,589,C,Verona,6,6,0,-119.33875171895792
410,410,,GUMUS,,,,,,,,,,,,,3.3116973866695014,4381,A,Genoa,6,6,0,-122.43192688994291
411,411,,FALCO,,,,,,,,,,,,,3.3116973866695014,658,A,Lecce,6,5,1,-122.43192688994291
412,412,,SPROCATI,,,,,,,,,,,,,3.3116973866695014,2773,A,Parma,6,6,0,-122.43192688994291
413,413,,GABRIEL,,,,,,,,,,,,,3.1566636501161724,385,P,Lecce,5,6,-1,-84.60859380772543
414,414,,TOMIYASU,,,,,,,,,,,,,3.1566636501161724,4422,D,Bologna,5,4,1,-122.54206657220134
415,415,,MATEJU,,,,,,,,,,,,,3.1566636501161724,4373,D,Brescia,5,5,0,-122.54206657220134
416,416,,PAJAC,,,,,,,,,,,,,3.1566636501161724,1876,D,Genoa,5,5,0,-122.54206657220134
417,417,,LUCIONI,,,,,,,,,,,,,3.1566636501161724,2241,D,Lecce,5,5,0,-122.54206657220134
418,418,,DAWIDOWICZ,,,,,,,,,,,,,3.1566636501161724,4493,D,Verona,5,5,0,-122.54206657220134
419,419,,RRAHMANI,,,,,,,,,,,,,3.1566636501161724,4409,D,Verona,5,4,1,-122.54206657220134
420,420,,RISPOLI,,,,,,,,,,,,,3.1566636501161724,423,D,Lecce,5,5,0,-122.54206657220134
421,421,,CETIN,,,,,,,,,,,,,3.1566636501161724,4519,D,Roma,5,5,0,-122.54206657220134
422,422,,JAGIELLO,,,,,,,,,,,,,3.1566636501161724,4384,C,Genoa,5,5,0,-126.05851165563264
423,423,,BERISHAV,,,,,,,,,,,,,3.1566636501161724,2771,C,Lazio,5,5,0,-126.05851165563264
424,424,,MAJER,,,,,,,,,,,,,3.1566636501161724,4475,C,Lecce,5,5,0,-126.05851165563264
425,425,,SHAKHOV,,,,,,,,,,,,,3.1566636501161724,4400,C,Lecce,5,5,0,-126.05851165563264
426,426,,TACHTSIDIS,,,,,,,,,,,,,3.1566636501161724,241,C,Lecce,5,5,0,-126.05851165563264
427,427,,THORSBY,,,,,,,,,,,,,3.1566636501161724,4404,C,Sampdoria,5,5,0,-126.05851165563264
428,428,,BRUGMAN,,,,,,,,,,,,,3.1566636501161724,430,C,Parma,5,5,0,-126.05851165563264
429,429,,AMRABAT,,,,,,,,,,,,,3.1566636501161724,4522,C,Verona,5,4,1,-126.05851165563264
430,430,,SEMA,,,,,,,,,,,,,3.1566636501161724,4524,C,Udinese,5,5,0,-126.05851165563264
431,431,,BONAZZOLI,,,,,,,,,,,,,3.1566636501161724,505,A,Sampdoria,5,4,1,-129.15168682661763
432,432,,MONCINI,,,,,,,,,,,,,3.1566636501161724,2853,A,SPAL,5,5,0,-129.15168682661763
433,433,,LEE,,,,,,,,,,,,,3.1566636501161724,2324,A,Verona,5,5,0,-129.15168682661763
434,434,,BUFFON,,,,,,,,,,,,,3.001629913562843,282,P,Juventus,4,4,0,-91.32835374440015
435,435,,RECA,,,,,,,,,,,,,3.001629913562843,2739,D,Atalanta,4,4,0,-129.26182650887606
436,436,,VENUTI,,,,,,,,,,,,,3.001629913562843,2174,D,Fiorentina,4,4,0,-129.26182650887606
437,437,,MECCARIELLO,,,,,,,,,,,,,3.001629913562843,4472,D,Lecce,4,4,0,-129.26182650887606
438,438,,DERMAKU,,,,,,,,,,,,,3.001629913562843,139,D,Parma,4,4,0,-129.26182650887606
439,439,,AUGELLO,,,,,,,,,,,,,3.001629913562843,4421,D,Sampdoria,4,4,0,-129.26182650887606
440,440,,CHABOT,,,,,,,,,,,,,3.001629913562843,4403,D,Sampdoria,4,4,0,-129.26182650887606
441,441,,TERAVEST,,,,,,,,,,,,,3.001629913562843,2795,D,Udinese,4,4,0,-129.26182650887606
442,442,,EMPEREUR,,,,,,,,,,,,,3.001629913562843,4494,D,Verona,4,4,0,-129.26182650887606
443,443,,FARAONI,,,,,,,,,,,,,3.001629913562843,581,D,Verona,4,4,0,-129.26182650887606
444,444,,MARRONE,,,,,,,,,,,,,3.001629913562843,84,D,Verona,4,4,0,-129.26182650887606
445,445,,VITALEL,,,,,,,,,,,,,3.001629913562843,4496,D,Verona,4,4,0,-129.26182650887606
446,446,,MULDUR,,,,,,,,,,,,,3.001629913562843,4521,D,Sassuolo,4,3,1,-129.26182650887606
447,447,,SCHOUTEN,,,,,,,,,,,,,3.001629913562843,4393,C,Bologna,4,4,0,-132.77827159230736
448,448,,KULUSEVSKI,,,,,,,,,,,,,3.001629913562843,2833,C,Parma,4,4,0,-132.77827159230736
449,449,,SCOZZARELLA,,,,,,,,,,,,,3.001629913562843,2804,C,Parma,4,4,0,-132.77827159230736
450,450,,CORIC,,,,,,,,,,,,,3.001629913562843,2780,C,Roma,4,4,0,-132.77827159230736
451,451,,GONALONS,,,,,,,,,,,,,3.001629913562843,2193,C,Roma,4,4,0,-132.77827159230736
452,452,,JAJALO,,,,,,,,,,,,,3.001629913562843,434,C,Udinese,4,4,0,-132.77827159230736
453,453,,HENDERSONL,,,,,,,,,,,,,3.001629913562843,4498,C,Verona,4,4,0,-132.77827159230736
454,454,,AGUDELO,,,,,,,,,,,,,3.001629913562843,4515,C,Genoa,4,4,0,-132.77827159230736
455,455,,HAN,,,,,,,,,,,,,3.001629913562843,2146,A,Cagliari,4,4,0,-135.87144676329234
456,456,,SOTTIL,,,,,,,,,,,,,3.001629913562843,2839,A,Fiorentina,4,3,1,-135.87144676329234
457,457,,VLAHOVIC,,,,,,,,,,,,,3.001629913562843,2841,A,Fiorentina,4,4,0,-135.87144676329234
458,458,,GASTALDELLO,,,,,,,,,,,,,2.8465961770095136,47,D,Brescia,3,3,0,-135.9815864455508
459,459,,WALUKIEWICZ,,,,,,,,,,,,,2.8465961770095136,4374,D,Cagliari,3,3,0,-135.9815864455508
460,460,,ELYAMIQ,,,,,,,,,,,,,2.8465961770095136,2664,D,Genoa,3,2,1,-135.9815864455508
461,461,,DICKMANN,,,,,,,,,,,,,2.8465961770095136,2787,D,SPAL,3,3,0,-135.9815864455508
462,462,,KINGSLEY,,,,,,,,,,,,,2.8465961770095136,2835,C,Bologna,3,2,1,-139.4980315289821
463,463,,SVANBERG,,,,,,,,,,,,,2.8465961770095136,2744,C,Bologna,3,3,0,-139.4980315289821
464,464,,OLIVA,,,,,,,,,,,,,2.8465961770095136,4327,C,Cagliari,3,3,0,-139.4980315289821
465,465,,CRISTOFORO,,,,,,,,,,,,,2.8465961770095136,2075,C,Fiorentina,3,3,0,-139.4980315289821
466,466,,HAYE,,,,,,,,,,,,,2.8465961770095136,4474,C,Lecce,3,3,0,-139.4980315289821
467,467,,TABANELLI,,,,,,,,,,,,,2.8465961770095136,4476,C,Lecce,3,3,0,-139.4980315289821
468,468,,JANKOVIC,,,,,,,,,,,,,2.8465961770095136,4338,C,SPAL,3,3,0,-139.4980315289821
469,469,,GUSTAFSON,,,,,,,,,,,,,2.8465961770095136,2057,C,Torino,3,3,0,-139.4980315289821
470,470,,DESPODOV,,,,,,,,,,,,,2.8465961770095136,4333,A,Cagliari,3,3,0,-142.59120669996707
471,471,,MATOS,,,,,,,,,,,,,2.8465961770095136,92,A,Udinese,3,3,0,-142.59120669996707
472,472,,RAGUSA,,,,,,,,,,,,,2.8465961770095136,2073,A,Verona,3,3,0,-142.59120669996707
473,473,,IBANEZ,,,,,,,,,,,,,2.691562440456184,4331,D,Atalanta,2,2,0,-142.70134638222552
474,474,,CURCIO,,,,,,,,,,,,,2.691562440456184,4443,D,Brescia,2,2,0,-142.70134638222552
475,475,,SEMPRINI,,,,,,,,,,,,,2.691562440456184,4444,D,Brescia,2,2,0,-142.70134638222552
476,476,,PINNA,,,,,,,,,,,,,2.691562440456184,4454,D,Cagliari,2,1,1,-142.70134638222552
477,477,,JORGESILVA,,,,,,,,,,,,,2.691562440456184,4467,D,Lazio,2,2,0,-142.70134638222552
478,478,,FIAMOZZI,,,,,,,,,,,,,2.691562440456184,805,D,Lecce,2,2,0,-142.70134638222552
479,479,,VERA,,,,,,,,,,,,,2.691562440456184,4399,D,Lecce,2,2,0,-142.70134638222552
480,480,,TRIPALDELLI,,,,,,,,,,,,,2.691562440456184,4406,D,Sassuolo,2,2,0,-142.70134638222552
481,481,,SIERRALTA,,,,,,,,,,,,,2.691562440456184,4302,D,Udinese,2,2,0,-142.70134638222552
482,482,,KUMBULLA,,,,,,,,,,,,,2.691562440456184,4495,D,Verona,2,1,1,-142.70134638222552
483,483,,ANDERSONA,,,,,,,,,,,,,2.691562440456184,4389,C,Lazio,2,2,0,-146.2177914656568
484,484,,DANZI,,,,,,,,,,,,,2.691562440456184,2726,C,Verona,2,2,0,-146.2177914656568
485,485,,RAGATZU,,,,,,,,,,,,,2.691562440456184,4455,A,Cagliari,2,2,0,-149.3109666366418
486,486,,LOFASO,,,,,,,,,,,,,2.691562440456184,2048,A,Lecce,2,2,0,-149.3109666366418
487,487,,TUTINO,,,,,,,,,,,,,2.691562440456184,4507,A,Verona,2,1,1,-149.3109666366418
488,488,,ANTONUCCI,,,,,,,,,,,,,2.691562440456184,2657,A,Roma,2,2,0,-149.3109666366418
489,489,,SARRM,,,,,,,,,,,,,2.5365287039028552,42,P,Bologna,1,1,0,-111.4876335544243
490,490,,ALFONSO,,,,,,,,,,,,,2.5365287039028552,4440,P,Brescia,1,1,0,-111.4876335544243
491,491,,ANDRENACCI,,,,,,,,,,,,,2.5365287039028552,4441,P,Brescia,1,1,0,-111.4876335544243
492,492,,ARESTI,,,,,,,,,,,,,2.5365287039028552,1946,P,Cagliari,1,1,0,-111.4876335544243
493,493,,BRANCOLINI,,,,,,,,,,,,,2.5365287039028552,4351,P,Fiorentina,1,1,0,-111.4876335544243
494,494,,CEROFOLINI,,,,,,,,,,,,,2.5365287039028552,2294,P,Fiorentina,1,1,0,-111.4876335544243
495,495,,JANDREI,,,,,,,,,,,,,2.5365287039028552,4325,P,Genoa,1,1,0,-111.4876335544243
496,496,,VODISEK,,,,,,,,,,,,,2.5365287039028552,2761,P,Genoa,1,1,0,-111.4876335544243
497,497,,BERNI,,,,,,,,,,,,,2.5365287039028552,248,P,Inter,1,1,0,-111.4876335544243
498,498,,PADELLI,,,,,,,,,,,,,2.5365287039028552,543,P,Inter,1,1,0,-111.4876335544243
499,499,,GUERRIERI,,,,,,,,,,,,,2.5365287039028552,317,P,Lazio,1,1,0,-111.4876335544243
500,500,,PROTO,,,,,,,,,,,,,2.5365287039028552,2770,P,Lazio,1,1,0,-111.4876335544243
501,501,,BLEVE,,,,,,,,,,,,,2.5365287039028552,4468,P,Lecce,1,1,0,-111.4876335544243
502,502,,MILLI,,,,,,,,,,,,,2.5365287039028552,4469,P,Lecce,1,1,0,-111.4876335544243
503,503,,VIGORITO,,,,,,,,,,,,,2.5365287039028552,2809,P,Lecce,1,1,0,-111.4876335544243
504,504,,DONNARUMMAAN,,,,,,,,,,,,,2.5365287039028552,216,P,Milan,1,1,0,-111.4876335544243
505,505,,COLOMBI,,,,,,,,,,,,,2.5365287039028552,412,P,Parma,1,1,0,-111.4876335544243
506,506,,FUZATO,,,,,,,,,,,,,2.5365287039028552,2781,P,Roma,1,1,0,-111.4876335544243
507,507,,FALCONE,,,,,,,,,,,,,2.5365287039028552,2134,P,Sampdoria,1,1,0,-111.4876335544243
508,508,,THIAMD,,,,,,,,,,,,,2.5365287039028552,4485,P,SPAL,1,1,0,-111.4876335544243
509,509,,ROSATI,,,,,,,,,,,,,2.5365287039028552,2790,P,Torino,1,1,0,-111.4876335544243
510,510,,ZACCAGNO,,,,,,,,,,,,,2.5365287039028552,2270,P,Torino,1,1,0,-111.4876335544243
511,511,,PERISAN,,,,,,,,,,,,,2.5365287039028552,673,P,Udinese,1,1,0,-111.4876335544243
512,512,,BERARDIA,,,,,,,,,,,,,2.5365287039028552,4491,P,Verona,1,1,0,-111.4876335544243
513,513,,BORGHETTO,,,,,,,,,,,,,2.5365287039028552,4410,P,Verona,1,1,0,-111.4876335544243
514,514,,RADUNOVIC,,,,,,,,,,,,,2.5365287039028552,3,P,Verona,1,1,0,-111.4876335544243
515,515,,ALASTRA,,,,,,,,,,,,,2.5365287039028552,654,P,Parma,1,1,0,-111.4876335544243
516,516,,RUSSOA,,,,,,,,,,,,,2.5365287039028552,4518,P,Sassuolo,1,1,0,-111.4876335544243
517,517,,LETICA,,,,,,,,,,,,,2.5365287039028552,4520,P,SPAL,1,1,0,-111.4876335544243
518,518,,AVOGADRI,,,,,,,,,,,,,2.5365287039028552,4523,P,Sampdoria,1,1,0,-111.4876335544243
519,519,,GEMELLO,,,,,,,,,,,,,2.5365287039028552,4525,P,Torino,1,1,0,-111.4876335544243
520,520,,OKOLI,,,,,,,,,,,,,2.5365287039028552,4432,D,Atalanta,1,1,0,-149.42110631890023
521,521,,CORBO,,,,,,,,,,,,,2.5365287039028552,4365,D,Bologna,1,1,0,-149.42110631890023
522,522,,PAZ,,,,,,,,,,,,,2.5365287039028552,2747,D,Bologna,1,1,0,-149.42110631890023
523,523,,MANGRAVITI,,,,,,,,,,,,,2.5365287039028552,4504,D,Brescia,1,1,0,-149.42110631890023
524,524,,RANIERIL,,,,,,,,,,,,,2.5365287039028552,4378,D,Fiorentina,1,1,0,-149.42110631890023
525,525,,TERZIC,,,,,,,,,,,,,2.5365287039028552,4375,D,Fiorentina,1,1,0,-149.42110631890023
526,526,,RIZZON,,,,,,,,,,,,,2.5365287039028552,4392,D,Genoa,1,1,0,-149.42110631890023
527,527,,GALLO,,,,,,,,,,,,,2.5365287039028552,4502,D,Lecce,1,1,0,-149.42110631890023
528,528,,RICCARDID,,,,,,,,,,,,,2.5365287039028552,4473,D,Lecce,1,1,0,-149.42110631890023
529,529,,GABBIA,,,,,,,,,,,,,2.5365287039028552,4401,D,Milan,1,1,0,-149.42110631890023
530,530,,MINELLI,,,,,,,,,,,,,2.5365287039028552,4480,D,Parma,1,1,0,-149.42110631890023
531,531,,BIANDA,,,,,,,,,,,,,2.5365287039028552,2783,D,Roma,1,1,0,-149.42110631890023
532,532,,BOUAH,,,,,,,,,,,,,2.5365287039028552,4481,D,Roma,1,1,0,-149.42110631890023
533,533,,BUONGIORNO,,,,,,,,,,,,,2.5365287039028552,2724,D,Torino,1,1,0,-149.42110631890023
534,534,,GILLI,,,,,,,,,,,,,2.5365287039028552,4488,D,Torino,1,1,0,-149.42110631890023
535,535,,CRESCENZI,,,,,,,,,,,,,2.5365287039028552,457,D,Verona,1,1,0,-149.42110631890023
536,536,,CIPRIANO,,,,,,,,,,,,,2.5365287039028552,4509,D,Lazio,1,1,0,-149.42110631890023
537,537,,COLLEYE,,,,,,,,,,,,,2.5365287039028552,4435,C,Atalanta,1,1,0,-152.9375514023315
538,538,,FALLETTI,,,,,,,,,,,,,2.5365287039028552,2210,C,Bologna,1,1,0,-152.9375514023315
539,539,,TREMOLADA,,,,,,,,,,,,,2.5365287039028552,4450,C,Brescia,1,1,0,-152.9375514023315
540,540,,VIVIANIM,,,,,,,,,,,,,2.5365287039028552,4451,C,Brescia,1,1,0,-152.9375514023315
541,541,,COLOMBATTO,,,,,,,,,,,,,2.5365287039028552,2828,C,Cagliari,1,1,0,-152.9375514023315
542,542,,MONTIEL,,,,,,,,,,,,,2.5365287039028552,4353,C,Fiorentina,1,1,0,-152.9375514023315
543,543,,ROVELLA,,,,,,,,,,,,,2.5365287039028552,4459,C,Genoa,1,1,0,-152.9375514023315
544,544,,ZENNARO,,,,,,,,,,,,,2.5365287039028552,4383,C,Genoa,1,1,0,-152.9375514023315
545,545,,AGOUME,,,,,,,,,,,,,2.5365287039028552,4411,C,Inter,1,1,0,-152.9375514023315
546,546,,FAGIOLI,,,,,,,,,,,,,2.5365287039028552,4465,C,Juventus,1,1,0,-152.9375514023315
547,547,,NICOLUSSICAVIGLIA,,,,,,,,,,,,,2.5365287039028552,4349,C,Juventus,1,1,0,-152.9375514023315
548,548,,PORTANOVA,,,,,,,,,,,,,2.5365287039028552,4370,C,Juventus,1,1,0,-152.9375514023315
549,549,,GAETANO,,,,,,,,,,,,,2.5365287039028552,4364,C,Napoli,1,1,0,-152.9375514023315
550,550,,MACHIN,,,,,,,,,,,,,2.5365287039028552,666,C,Parma,1,1,0,-152.9375514023315
551,551,,RICCARDI,,,,,,,,,,,,,2.5365287039028552,2852,C,Roma,1,1,0,-152.9375514023315
552,552,,STREFEZZA,,,,,,,,,,,,,2.5365287039028552,4486,C,SPAL,1,1,0,-152.9375514023315
553,553,,DEANGELIS,,,,,,,,,,,,,2.5365287039028552,4490,C,Torino,1,1,0,-152.9375514023315
554,554,,COULIBALY,,,,,,,,,,,,,2.5365287039028552,2144,C,Udinese,1,1,0,-152.9375514023315
555,555,,LUCASFELIPPE,,,,,,,,,,,,,2.5365287039028552,4499,C,Verona,1,1,0,-152.9375514023315
556,556,,CAMBIAGHI,,,,,,,,,,,,,2.5365287039028552,4436,A,Atalanta,1,1,0,-156.0307265733165
557,557,,PICCOLI,,,,,,,,,,,,,2.5365287039028552,4359,A,Atalanta,1,1,0,-156.0307265733165
558,558,,JUWARA,,,,,,,,,,,,,2.5365287039028552,4368,A,Bologna,1,1,0,-156.0307265733165
559,559,,ESPOSITOSE,,,,,,,,,,,,,2.5365287039028552,4463,A,Inter,1,1,0,-156.0307265733165
560,560,,SALCEDOE,,,,,,,,,,,,,2.5365287039028552,2304,A,Inter,1,1,0,-156.0307265733165
561,561,,ADORANTE,,,,,,,,,,,,,2.5365287039028552,4387,A,Parma,1,1,0,-156.0307265733165
562,562,,BARAYE,,,,,,,,,,,,,2.5365287039028552,2805,A,Parma,1,1,0,-156.0307265733165
563,563,,CANGIANO,,,,,,,,,,,,,2.5365287039028552,4483,A,Bologna,1,1,0,-156.0307265733165
564,564,,BAHLOULI,,,,,,,,,,,,,2.5365287039028552,4508,A,Sampdoria,1,1,0,-156.0307265733165
565,565,,RASPADORI,,,,,,,,,,,,,2.5365287039028552,4371,A,Sassuolo,1,1,0,-156.0307265733165
566,566,,MILLICO,,,,,,,,,,,,,2.5365287039028552,4346,A,Torino,1,1,0,-156.0307265733165
567,567,,RAUTI,,,,,,,,,,,,,2.5365287039028552,4489,A,Torino,1,1,0,-156.0307265733165
568,568,,MICIN,,,,,,,,,,,,,2.5365287039028552,2794,A,Udinese,1,1,0,-156.0307265733165
569,569,,TUPTA,,,,,,,,,,,,,2.5365287039028552,767,A,Verona,1,1,0,-156.0307265733165
